Open,High,Low,Volume,Close
56965.02,57000.0,56959.1,6.25646738,57000.0
4608.74,4608.74,4602.0,20.66062592,4602.0
289.22,289.22,289.22,0.0,289.22
13.1,13.1,13.1,0.0,13.1
138.98,139.0,138.98,23.13275293,139.0
384.8,384.8,384.8,0.0,384.8
391.32,391.7,391.32,27.83910911,391.69
4.91,4.91,4.91,0.0,4.91
4.91,4.91,4.91,0.0,4.91
48887.96,48902.65,48863.08,0.66283206,48898.77
5.26,5.26,5.26,0.0,5.26
38820.51,38820.51,38779.34,2.07759713,38819.14
1207.76,1207.76,1207.76,0.707,1207.76
585.98,587.96,585.98,0.51,587.96
7263.84,7266.74,7262.35,0.89903758,7262.35
10384.05,10410.53,10384.05,13.2223193,10402.96
6201.88,6204.01,6201.36,0.4795468,6201.36
4345.0,4345.0,4338.36,4.86633843,4338.36
243.35,243.35,243.02,8.69168833,243.02
3814.69,3814.69,3814.69,0.06171398,3814.69
237.51,237.51,237.51,0.2094,237.51
10691.09,10699.46,10691.09,5.37610026,10699.46
3787.48,3788.81,3787.48,1.09936465,3788.81
425.88,425.89,423.45,2.23865375,424.62
578.04,578.04,578.04,0.08409193,578.04
89.0,89.0,89.0,0.0,89.0
4.91,4.91,4.91,0.0,4.91
15546.42,15578.74,15546.08,7.03100036,15578.74
44607.66,44607.66,44607.66,0.00797,44607.66
39135.93,39155.1,39134.33,0.32337,39155.1
2939.98,2939.99,2939.98,0.11514301,2939.99
104.41,104.41,104.41,0.0,104.41
699.08,699.91,699.08,0.29781041,699.91
6697.85,6699.72,6694.95,22.42137525,6698.81
343.25,345.0,343.17,304.18506841,344.95
454.64,454.64,454.64,0.65055325,454.64
16687.56,16687.56,16680.0,1.02986159,16687.56
47522.05,47553.95,47521.73,0.09028148,47553.95
528.0,528.0,526.11,31.5258683,528.0
582.69,582.99,582.69,1.57583,582.99
418.41,418.41,418.41,1.16756852,418.41
42352.79,42384.25,42352.79,0.03288,42384.25
99.28,100.0,99.28,150.0,100.0
447.53,447.53,447.53,0.2,447.53
5235.0,5235.0,5229.37,4.99170255,5232.14
276.8,276.8,276.8,0.0,276.8
3671.4,3673.73,3656.34,45.90527858,3667.21
110.86,110.86,110.86,0.0,110.86
371.52,371.65,371.52,2.57796852,371.65
54272.47,54273.71,54258.04,0.71571676,54273.71
7913.0,7922.88,7912.0,4.88603144,7922.88
6.8,6.8,6.8,0.0,6.8
194.99,194.99,194.99,0.0,194.99
9718.32,9722.14,9715.59,0.2291608,9717.93
32571.48,32571.48,32553.51,0.07695728,32569.12
13877.02,13877.03,13776.01,36.15735745,13826.72
39068.57,39068.57,39053.95,0.01888,39053.95
6737.84,6737.84,6734.38,6.86726299,6734.38
9607.95,9613.2,9607.95,0.04030958,9613.2
730.29,732.98,727.32,70.2243925,727.32
447.9,448.25,447.6,0.88,448.25
41321.35,41321.43,41259.73,0.19585286,41259.73
9201.67,9212.19,9196.24,17.3195049,9196.24
47.5,47.5,47.5,0.0,47.5
7397.98,7397.98,7393.93,6.2304735,7397.97
5188.72,5192.31,5187.11,1.05983387,5187.11
3189.77,3189.77,3185.0,6.5353242,3185.0
9767.74,9786.3,9767.74,0.84755335,9782.86
49016.03,49058.77,49016.03,0.05779,49058.77
17352.94,17395.05,17304.0,39.2993594,17387.75
482.0,482.01,482.0,29.069,482.0
43355.35,43375.54,43346.98,0.20063269,43375.54
586.9,587.75,586.9,0.76419902,587.75
11.96,11.96,11.96,0.0,11.96
758.7,758.7,758.7,0.0,758.7
428.89,428.89,428.89,2.62486528,428.89
404.66,404.66,404.66,0.14866801,404.66
6382.81,6384.93,6380.91,0.69538562,6384.66
420.55,420.55,420.55,0.9207574,420.55
14934.23,14951.34,14914.06,50.96398312,14930.0
1000.61,1000.61,1000.61,0.031,1000.61
59712.01,59735.17,59643.1,2.62997743,59643.1
634.23,634.23,634.23,0.0,634.23
10798.0,10802.82,10797.16,4.3013856,10802.82
899.0,899.95,893.42,17.59567,899.95
8408.38,8408.38,8386.98,177.02313745,8400.0
430.2,430.2,430.2,0.75110835,430.2
89.36,89.36,89.36,0.0,89.36
9112.45,9116.4,9105.82,2.2442616,9116.39
194.9,194.9,194.9,2.0,194.9
3703.3,3704.6,3703.3,0.7527837,3704.17
411.35,411.35,411.35,0.0,411.35
1518.37,1520.96,1517.86,0.5324153,1517.86
5073.57,5073.57,5073.56,0.08278293,5073.56
660.02,663.94,660.01,1.2502202,663.94
377.1,377.1,377.1,0.0,377.1
12.6,12.6,12.6,0.0,12.6
568.62,568.62,568.62,0.0,568.62
245.24,245.24,245.18,16.4851,245.18
458.18,458.62,458.18,15.47338005,458.62
8132.0,8144.74,8115.71,13.60535145,8120.18
10.91,10.91,10.91,0.0,10.91
39602.46,39608.57,39588.62,0.05482357,39608.57
388.29,388.29,388.29,0.0,388.29
87.22,87.22,87.22,6.35282728,87.22
1193.81,1193.81,1193.81,0.0,1193.81
56913.42,56913.42,56860.63,0.77884043,56867.57
11965.03,11989.15,11961.2,18.84824764,11961.2
13691.11,13691.63,13682.15,2.26755929,13682.15
10175.13,10193.83,10175.13,0.61611634,10192.99
7.95,7.95,7.95,0.0,7.95
16638.44,16638.58,16597.33,14.21636627,16600.0
330.73,330.73,330.73,0.0,330.73
11380.0,11386.91,11380.0,2.46857464,11380.0
236.34,236.34,236.34,0.0,236.34
340.47,340.88,340.46,8.87,340.46
65086.81,65086.81,65035.0,0.08229239,65044.6
9131.0,9137.79,9131.0,0.3997631,9133.01
871.0,871.0,870.0,13.09321839,870.0
11402.3,11402.57,11398.66,5.39654444,11401.29
4.55,4.55,4.55,0.0,4.55
6.39,6.39,6.39,0.0,6.39
315.27,315.27,315.27,0.0,315.27
4218.9,4218.9,4210.0,1.56951106,4214.97
1128.89,1128.89,1126.33,10.77521916,1126.33
598.98,598.98,598.98,0.23624415,598.98
9848.78,9854.0,9845.07,2.11102864,9853.95
423.22,423.22,423.22,0.0,423.22
1189.7,1189.72,1187.81,1.36446782,1189.72
43746.45,43803.87,43710.9,3.75259134,43743.16
33446.67,33446.67,33393.85,0.81958751,33417.96
277.72,277.72,277.72,2.36756582,277.72
433.96,433.96,433.96,0.0,433.96
15020.01,15053.98,14987.57,12.80433103,15017.63
368.13,368.13,368.13,0.02099,368.13
9245.08,9246.28,9245.08,0.04533799,9246.28
11543.4,11547.64,11540.71,0.34454426,11547.64
590.74,592.86,590.45,31.13496501,590.45
614.7,614.76,614.7,0.06541183,614.76
8.9,8.9,8.9,0.0,8.9
632.64,632.64,632.64,0.0,632.64
117.76,117.77,117.76,3.97019614,117.77
672.92,672.92,672.92,0.04,672.92
10818.05,10835.55,10818.05,10.9148698,10834.91
6205.36,6205.36,6205.36,0.0,6205.36
10145.0,10145.0,10134.88,4.33780639,10134.88
392.77,392.77,392.04,0.1998,392.04
701.85,701.85,700.76,5.202,700.76
39116.42,39126.98,39106.82,0.07533908,39126.98
4.9,4.9,4.9,0.0,4.9
6506.5,6512.01,6504.48,3.87560497,6510.0
8765.02,8777.86,8765.02,1.55248468,8772.77
58328.78,58393.31,58328.78,0.56053452,58372.53
10176.75,10176.75,10175.35,0.83820948,10175.95
4.97,4.97,4.97,0.0,4.97
31306.82,31314.23,31290.0,7.54510558,31301.61
9679.76,9682.51,9675.47,5.93070598,9680.61
11.7,11.7,11.7,0.0,11.7
232.21,232.21,232.21,0.0,232.21
49636.45,49695.35,49631.29,6.42503,49684.71
6.79,6.79,6.79,0.0,6.79
6.09,6.09,6.09,0.0,6.09
6.5,6.5,6.5,0.0,6.5
6771.99,6777.74,6769.56,0.18557753,6777.74
4.94,4.94,4.94,0.0,4.94
603.69,605.0,603.48,2.25097033,605.0
6494.37,6494.37,6490.0,0.08582053,6492.89
127.63,127.65,127.63,1.39053595,127.65
276.8,276.8,276.8,0.0,276.8
63605.37,63612.44,63565.0,0.09401989,63596.85
49544.96,49544.96,49521.17,0.02966,49523.25
11.5,11.5,11.5,0.0,11.5
11.02,11.02,11.02,0.0,11.02
326.0,326.0,325.98,8.56701431,325.99
47187.3,47229.14,47162.11,1.27898309,47227.0
49317.75,49317.75,49282.82,4.15414146,49282.82
983.48,983.93,977.05,116.58509885,981.0
737.93,737.93,737.93,0.43149136,737.93
6203.78,6205.33,6200.51,1.68635062,6200.51
449.5,449.5,449.5,0.0,449.5
121.92,121.92,121.92,0.16404199,121.92
107.69,107.69,107.69,0.4029007,107.69
143.98,143.98,143.98,7.5,143.98
61653.52,61655.76,61652.68,0.248769,61655.44
591.08,591.08,590.79,0.86887787,590.79
13622.0,13638.9,13600.0,8.36104982,13600.0
3817.04,3817.04,3817.04,0.03507691,3817.04
5.07,5.07,5.07,0.0,5.07
46393.33,46393.33,46309.93,0.75848189,46336.16
448.67,449.21,448.15,11.38440281,449.21
35167.77,35223.46,34922.83,18.86180261,34922.83
718.99,718.99,718.99,0.051,718.99
10703.74,10709.0,10701.05,10.14241931,10709.0
11258.41,11258.41,11252.94,1.94730984,11255.61
13.12,13.12,13.12,0.0,13.12
234.0,234.0,234.0,54.93657794,234.0
9275.0,9290.0,9254.97,13.49292287,9278.16
1210.95,1210.95,1210.95,0.45,1210.95
9795.99,9801.64,9786.72,14.21801597,9799.08
27843.79,27844.74,27807.32,4.36960428,27844.74
4003.0,4004.14,4002.14,3.51535067,4002.26
279.29,279.29,279.29,0.0,279.29
225.12,225.34,225.12,35.2752061,225.34
653.75,653.75,653.75,21.52647011,653.75
6.3,6.3,6.3,0.0,6.3
418.52,419.45,418.5,1.02397825,419.45
92.11,92.11,92.11,0.0,92.11
8523.52,8523.52,8518.02,4.6507858,8523.52
828.74,828.74,827.79,7.39413755,828.73
4077.97,4078.71,4077.97,0.02779127,4078.71
598.12,598.18,592.1,10.84014042,598.17
6618.26,6618.27,6616.28,0.05843443,6616.28
762.0,763.2,762.0,5.34934698,763.2
2731.45,2732.0,2731.45,0.33959532,2732.0
22.43,22.43,22.43,0.0,22.43
4138.99,4139.0,4130.06,40.16353658,4130.06
5599.88,5599.88,5592.25,0.71393896,5592.25
232.0,232.02,232.0,4.542595,232.0
257.45,257.45,257.45,0.08,257.45
44933.07,45001.5,44933.07,0.19304062,45001.5
2747.8,2749.42,2737.94,19.92760711,2749.42
9524.11,9525.38,9513.77,10.84637897,9513.77
11347.56,11347.56,11344.15,0.03156819,11344.15
4156.0,4159.02,4156.0,0.02129748,4159.02
63542.98,63573.57,63536.93,0.44679489,63542.21
722.0,723.63,722.0,2.0654297,723.63
47751.3,47751.3,47731.18,0.40548808,47731.18
3408.66,3408.9,3407.39,7.46128449,3407.39
4089.76,4089.76,4088.66,0.25484103,4088.66
122.37,122.44,122.3,17.77,122.44
3380.74,3390.0,3380.74,24.95617888,3385.28
253.18,253.61,253.18,1.05,253.61
820.94,820.94,820.94,0.0,820.94
87.52,87.52,87.52,0.02354,87.52
225.15,225.45,225.15,44.8135,225.44
276.38,276.38,276.02,17.91035097,276.02
10147.86,10160.99,10147.86,0.27810748,10153.24
9537.26,9537.26,9470.01,34.21118116,9470.01
14227.04,14243.9,14207.4,0.3743327,14243.9
20.29,20.29,20.29,0.0,20.29
860.11,861.0,860.0,6.86998063,860.0
1183.39,1183.39,1183.39,0.16461869,1183.39
59921.0,59929.58,59883.79,0.0849179,59929.58
2937.3,2939.5,2937.3,3.29631156,2939.5
435.97,435.97,435.97,1.42406997,435.97
11.0,11.0,11.0,0.0,11.0
668.59,668.59,666.56,5.48333032,666.56
5258.18,5260.0,5251.37,4.46878087,5257.58
242.9,242.9,242.9,0.5,242.9
10606.45,10637.24,10580.0,18.17231057,10580.01
37825.28,37854.71,37824.88,2.8809,37836.1
394.47,394.47,394.37,4.031,394.37
4.98,4.98,4.98,0.0,4.98
11080.99,11089.17,11080.99,1.57297217,11089.17
89.12,89.12,89.12,3.6e-06,89.12
13.43,13.43,13.43,0.0,13.43
286.41,286.41,286.41,0.0620158,286.41
624.0,630.0,624.0,33.63381886,630.0
13.19,13.19,13.19,0.0,13.19
62537.81,62597.21,62535.0,0.93378057,62587.35
6.55,6.55,6.55,0.0,6.55
52242.62,52360.54,52242.62,1.03644074,52326.33
13.35,13.35,13.35,0.0,13.35
11.5,11.5,11.5,0.0,11.5
5.59,5.59,5.59,0.0,5.59
7902.25,7904.46,7877.46,3.22044657,7883.51
6058.59,6058.59,6054.68,1.16211489,6057.41
8218.94,8218.94,8202.12,0.31407444,8202.15
10718.7,10719.92,10714.97,0.52407441,10715.29
10326.11,10326.11,10313.33,0.48860601,10313.33
291.94,291.94,291.94,0.01978002,291.94
846.84,846.84,842.61,1.8583051,846.11
357.9,357.9,357.9,2.936741,357.9
10895.68,10903.44,10895.68,0.02040432,10903.44
251.99,252.0,251.99,0.47749653,252.0
5.03,5.03,5.03,0.0,5.03
6954.2,6962.69,6949.91,2.1303884,6950.8
8689.64,8689.99,8682.46,6.28123568,8682.46
4.97,4.97,4.97,0.0,4.97
6746.57,6784.86,6746.57,25.08474497,6763.1
388.52,388.52,388.52,0.0,388.52
416.4,416.4,416.4,0.0,416.4
4.88,4.88,4.88,0.0,4.88
42235.25,42257.97,42230.89,0.02003184,42257.97
9362.76,9369.28,9334.95,3.41247783,9345.43
47352.15,47354.34,47352.15,0.00112,47354.34
3417.62,3417.62,3417.62,0.61852765,3417.62
4230.51,4237.88,4230.5,2.44806984,4230.6
7090.58,7090.58,7078.88,1.09722565,7083.05
6.76,6.76,6.76,0.0,6.76
10105.05,10105.05,10102.87,0.0156563,10102.87
9511.5,9515.0,9501.19,3.88545855,9505.84
126.95,126.99,126.95,5.623,126.99
6.73,6.73,6.73,0.0,6.73
7925.45,7932.47,7925.08,0.60932016,7932.47
5188.94,5190.0,5186.0,9.88799398,5189.77
234.16,234.16,234.14,0.776,234.14
38032.64,38065.88,38021.79,6.89760988,38057.62
15820.0,15835.03,15771.06,2.41804933,15829.61
11.28,11.28,11.28,0.0,11.28
7964.0,7968.0,7959.49,0.71781321,7959.62
117.68,117.68,117.68,0.2,117.68
7063.49,7063.49,7063.35,1.59898945,7063.35
18900.0,18911.6,18900.0,4.18631436,18901.64
14457.1,14529.36,14456.77,46.74272862,14482.77
228.33,228.35,227.77,29.97554118,227.77
6.55,6.55,6.55,0.0,6.55
70.69,70.69,70.69,7.26114019,70.69
33450.82,33466.43,33424.99,1.80311627,33466.38
7970.92,7971.79,7946.18,12.31541751,7946.18
5.08,5.08,5.08,0.0,5.08
355.62,355.62,355.62,0.20916635,355.62
6346.52,6346.52,6343.13,0.13077582,6343.13
6310.2,6322.05,6310.2,17.63498163,6314.0
98.46,98.8,98.0,64.08965,98.8
9425.61,9425.61,9425.61,0.01173252,9425.61
8827.0,8836.19,8820.99,4.15745972,8836.19
48693.99,48701.72,48683.53,1.295254,48701.72
241.4,241.4,241.03,20.64047775,241.03
11519.99,11525.22,11500.39,5.28581001,11522.27
6.55,6.55,6.55,0.0,6.55
15170.0,15200.0,15157.0,39.25592922,15197.23
9677.42,9677.42,9663.37,1.9805592,9676.94
8917.74,8922.1,8917.18,8.32445854,8917.18
243.14,243.14,243.14,0.27039647,243.14
3824.89,3831.38,3824.89,5.99101127,3831.37
8809.03,8809.03,8799.5,0.90488919,8799.5
247.48,247.5,247.48,0.8707757,247.5
45779.83,45782.16,45735.5,1.89948618,45782.16
11749.43,11759.36,11736.43,23.21703571,11759.36
37121.21,37138.05,37121.2,0.52694744,37121.51
10665.97,10668.96,10665.96,0.28191518,10668.96
380.73,380.73,377.98,14.19775186,380.47
808.85,811.83,808.85,0.30956261,811.83
280.16,280.16,280.16,0.05,280.16
3786.38,3788.16,3786.38,0.45671579,3788.16
5.09,5.09,5.09,0.0,5.09
449.1,449.1,449.1,0.0,449.1
3852.88,3855.94,3852.88,9.2277871,3855.94
123.81,123.81,123.81,0.0,123.81
49941.44,50237.36,49941.44,8.7963472,50183.59
11.53,11.53,11.53,0.0,11.53
7438.0,7440.68,7438.0,3.55555134,7440.68
255.74,255.74,255.74,0.0,255.74
211.93,212.0,211.93,6.10150754,212.0
590.3,590.3,590.3,1.01,590.3
3891.8,3891.8,3891.8,1.69648931,3891.8
235.26,235.26,235.26,0.0,235.26
385.89,385.89,385.89,0.104184,385.89
631.0,631.0,631.0,6.8199,631.0
629.11,631.26,629.0,14.94676574,631.26
4.93,4.93,4.93,0.0,4.93
6638.03,6638.47,6638.03,4.326,6638.47
1257.67,1257.68,1257.67,0.20384347,1257.68
125.78,125.78,125.59,0.9752,125.59
801.99,802.0,801.99,2.73834244,802.0
27.3,27.3,27.3,0.0,27.3
8.75,8.75,8.75,0.0,8.75
560.5,560.5,560.0,2.0,560.0
6502.29,6506.0,6496.88,1.66748424,6501.8
1538.36,1542.0,1538.36,5.10958245,1542.0
225.72,225.72,225.72,0.37105993,225.72
590.36,590.66,590.36,1.6179,590.66
8353.02,8358.01,8346.62,0.67661166,8348.5
419.28,419.99,419.28,1.46051039,419.83
241.5,241.5,241.11,3.25748284,241.5
678.15,678.15,678.15,0.1903,678.15
1758.57,1760.84,1758.57,3.91277441,1760.84
3629.89,3629.89,3629.89,0.02610547,3629.89
37909.41,37909.41,37862.85,4.88092273,37875.0
115.21,115.21,115.21,0.34694926,115.21
10527.97,10527.97,10510.6,1.99635118,10527.22
341.96,342.99,341.35,2.15988794,341.35
3797.14,3799.92,3794.16,7.51684457,3794.52
63399.32,63439.44,63399.32,3.85090355,63410.93
802.99,802.99,802.0,3.47986187,802.0
3539.45,3539.45,3539.45,0.09023804,3539.45
5.22,5.22,5.22,0.0,5.22
11351.19,11351.19,11341.16,2.08632769,11342.19
225.98,225.98,225.98,0.0,225.98
15762.54,15771.32,15751.65,0.74776965,15766.7
413.99,413.99,413.99,0.09696017,413.99
605.0,605.0,605.0,0.0,605.0
224.75,224.82,224.75,1.85846941,224.82
8064.54,8086.59,8057.2,15.70071648,8075.26
3612.63,3612.63,3608.66,2.38073325,3608.66
35301.76,35328.64,35291.19,1.00052517,35291.19
37599.24,37607.27,37555.18,3.91192242,37598.12
6542.59,6542.59,6542.59,2.33080295,6542.59
563.0,564.0,562.91,0.39304,562.91
451.66,451.66,451.66,2.0,451.66
9148.75,9152.73,9147.42,5.72205412,9152.73
381.17,381.17,381.17,4.43163968,381.17
231.42,232.02,231.41,3.32488327,231.41
117.69,117.69,117.69,0.0,117.69
13844.88,13844.88,13834.39,0.99649813,13834.39
382.33,382.77,382.33,6.78031388,382.77
53756.1,53756.1,53661.25,0.69090898,53676.86
8270.31,8279.07,8263.47,5.47537685,8265.39
9215.32,9217.39,9209.1,0.68713121,9217.39
249.56,249.68,249.56,0.14095921,249.56
39078.58,39112.0,39078.58,4.14789656,39112.0
16586.32,16589.56,16467.02,12.13490188,16485.15
576.53,576.53,576.53,0.0,576.53
5152.65,5155.32,5152.65,1.09412963,5152.73
3980.88,3980.88,3980.88,0.35388511,3980.88
427.92,427.92,427.92,0.0,427.92
2599.0,2601.0,2599.0,2.2062605,2601.0
515.21,515.21,515.21,0.5,515.21
471.52,471.52,471.52,0.61884879,471.52
119.01,119.01,118.0,72.85382323,118.0
5732.11,5732.11,5732.11,0.08320431,5732.11
580.16,580.16,580.16,1.062,580.16
33657.25,33727.79,33646.84,1.46531781,33727.79
13746.4,13750.0,13729.59,0.57867581,13729.59
5672.94,5672.94,5669.13,0.101,5669.13
46285.13,46396.56,46285.13,0.73270883,46362.98
441.45,441.45,441.39,1.19959492,441.39
44613.32,44656.68,44613.32,1.4106441,44656.68
61740.04,61749.41,61685.0,3.70553941,61690.13
336.79,336.94,335.71,96.73148176,336.01
58820.04,58898.82,58820.04,2.87312191,58898.82
100.93,100.93,100.93,3.90528088,100.93
6.31,6.31,6.31,0.0,6.31
7130.22,7131.99,7123.01,0.24099669,7131.99
414.66,414.75,414.66,0.64399104,414.75
11459.26,11459.26,11459.26,0.01986162,11459.26
13.13,13.13,13.13,0.0,13.13
8952.71,8961.52,8946.96,7.63442311,8961.52
131.95,131.95,131.95,0.52663887,131.95
43066.68,43102.65,43066.68,0.06049644,43102.64
661.12,661.12,661.12,0.0,661.12
5.83,5.83,5.83,0.0,5.83
8718.46,8725.36,8718.46,0.12911871,8721.09
35876.36,35894.77,35876.36,1.957005,35881.74
5558.2,5561.97,5555.02,5.53543013,5556.0
223.12,223.12,223.12,0.0,223.12
9752.01,9754.5,9747.39,3.38114421,9753.7
10249.67,10255.42,10249.67,0.0554967,10250.86
453.21,453.21,453.21,0.63312303,453.21
2744.39,2744.39,2744.39,1.04716912,2744.39
4138.88,4149.49,4138.88,15.43803368,4141.0
25.12,25.12,25.12,0.0,25.12
41205.35,41205.35,41186.56,0.00725437,41186.56
5.07,5.07,5.07,0.0,5.07
575.6,575.6,575.6,0.0506,575.6
8.26,8.26,8.26,0.0,8.26
7915.12,7917.04,7915.12,0.29473561,7915.62
8065.58,8074.16,8065.57,0.75254376,8071.7
245.15,245.15,245.15,0.0,245.15
254.29,254.29,254.24,0.24,254.24
9120.0,9120.0,9120.0,0.00561299,9120.0
483.49,483.49,483.49,0.36090083,483.49
1192.02,1192.02,1192.02,0.0,1192.02
413.83,413.97,413.0,15.69659221,413.97
11567.42,11575.0,11549.1,6.18524159,11549.76
2442.18,2443.98,2441.26,1.04948071,2442.98
36279.22,36301.34,36279.22,0.48064206,36301.19
57504.27,57601.0,57501.14,1.50927128,57572.82
630.49,630.49,630.49,0.0,630.49
101.13,101.13,101.13,0.76351232,101.13
1120.0,1120.99,1120.0,20.909,1120.0
5.07,5.07,5.07,0.0,5.07
3937.58,3937.58,3933.48,26.33000678,3934.46
69.93,69.93,69.93,0.0,69.93
10475.0,10475.0,10466.52,2.7960871,10466.52
411.44,411.97,411.44,12.0,411.45
818.0,818.0,817.5,1.2915861,817.5
6603.65,6603.65,6598.28,3.3543612,6598.37
7530.98,7531.0,7530.0,1.10688928,7530.0
11702.05,11712.07,11702.05,3.56476332,11710.84
3437.81,3437.81,3437.53,1.59597956,3437.53
6805.08,6806.96,6802.12,3.08447033,6802.12
960.74,960.74,960.49,0.22513106,960.49
29.93,29.93,29.93,0.0,29.93
258.5,258.5,258.5,0.12576507,258.5
13070.28,13070.28,13060.9,0.166562,13061.74
10840.82,10841.28,10831.82,0.23550313,10831.82
614.58,615.22,614.58,82.55,615.22
255.2,255.35,255.2,1.34811967,255.2
701.1,701.1,701.1,0.0,701.1
7956.09,7969.21,7956.09,0.48594771,7969.21
44800.73,44807.87,44765.24,0.70813679,44765.24
42616.84,42645.65,42601.38,0.02726128,42645.65
10300.32,10311.96,10300.23,1.99701124,10300.47
60327.18,60341.12,60294.33,9.37509401,60319.47
229.09,229.09,229.0,2.61826436,229.0
9481.4,9497.02,9481.4,0.48099874,9497.02
774.0,774.0,773.4,1.97533483,773.4
6449.51,6464.76,6449.51,7.60642767,6462.99
53674.3,53674.3,53546.17,9.68127114,53619.16
3852.14,3852.14,3852.14,0.00581757,3852.14
6975.64,6979.78,6974.85,0.72125064,6979.78
8311.97,8318.9,8304.5,13.73940785,8317.5
5.04,5.04,5.04,0.0,5.04
126.78,126.78,126.78,0.58542357,126.78
6241.0,6241.05,6241.0,0.074222,6241.05
6835.32,6848.18,6832.1,4.52975012,6845.61
419.95,420.73,419.95,48.44892621,420.73
14.03,14.03,14.03,0.0,14.03
3423.01,3426.98,3422.04,2.1591284,3426.93
38352.6,38352.6,38319.0,0.04162469,38342.7
410.63,411.04,410.63,14.39176619,411.04
5.4,5.4,5.4,0.0,5.4
6638.1,6649.49,6637.57,1.3171205,6647.03
912.74,912.77,912.74,1.08649137,912.77
9194.49,9195.08,9171.9,23.16093648,9194.62
4.91,4.91,4.91,0.0,4.91
10.73,10.73,10.73,0.0,10.73
9761.85,9774.06,9761.84,3.99304918,9769.08
448.78,448.81,448.78,0.76984893,448.81
552.34,552.34,552.31,3.9478478,552.31
17727.68,17748.64,17727.68,1.84057476,17742.64
416.9,416.9,416.9,0.0,416.9
584.97,584.97,584.97,0.0,584.97
3441.04,3441.13,3440.0,13.79458179,3441.1
1145.64,1145.64,1145.01,0.55,1145.01
374.18,374.18,374.18,0.01492695,374.18
739.95,739.95,739.95,0.12782401,739.95
1306.18,1306.18,1305.84,1.55711005,1306.02
625.26,625.26,625.25,2.0,625.25
6520.48,6520.48,6520.14,0.09215434,6520.14
5203.84,5203.84,5201.0,0.9206744,5203.84
330.0,330.66,330.0,1.20104088,330.66
431.5,432.62,431.5,0.39053783,432.62
1208.05,1208.05,1208.05,0.462,1208.05
11.59,11.59,11.59,0.0,11.59
5.71,5.71,5.71,0.0,5.71
10673.09,10677.07,10673.09,3.9032391,10673.15
2539.56,2539.56,2535.01,7.70532872,2538.98
1020.0,1020.39,1020.0,2.14412741,1020.0
238.52,239.15,238.52,1.20962603,239.15
2512.72,2512.72,2512.57,0.0408742,2512.57
422.18,422.18,422.18,0.0,422.18
2622.5,2624.94,2619.6,3.12600197,2624.94
650.56,650.56,650.56,0.0,650.56
30782.83,30793.79,30765.55,1.2353676,30765.55
421.72,421.72,421.7,1.96339494,421.7
53856.95,53976.68,53841.6,9.50182541,53975.26
525.0,525.0,525.0,8.53885388,525.0
6166.99,6169.9,6166.99,0.40695227,6169.9
5495.15,5499.39,5468.3,11.3734696,5499.38
4178.2,4178.2,4173.8,3.60009531,4176.76
791.0,791.77,791.0,0.59309859,791.76
241.01,241.02,241.01,3.10028629,241.02
10145.15,10164.65,10119.35,22.34939527,10134.0
2306.35,2306.44,2306.35,0.16522989,2306.44
314.48,314.78,314.48,4.9268,314.48
104.15,104.15,104.06,4.38868,104.06
11787.51,11799.9,11781.14,0.76246917,11786.37
99.1,99.1,99.1,0.0,99.1
93.85,94.13,93.02,10.00374947,93.02
50120.15,50120.15,50087.67,0.03319811,50094.69
64288.5,64350.0,64267.92,9.84164375,64304.69
373.13,373.13,373.13,0.13,373.13
9331.83,9334.35,9329.45,2.32033853,9334.3
99.53,99.53,99.53,0.18999297,99.53
456.53,456.54,456.53,0.4,456.54
2421.73,2426.93,2421.73,32.91586523,2426.93
9426.9,9429.66,9424.83,4.85446426,9429.66
237.12,237.12,237.12,0.0,237.12
57321.05,57378.01,57321.05,0.72529145,57378.01
11.16,11.16,11.16,0.0,11.16
6799.99,6799.99,6799.99,0.134451,6799.99
43512.68,43518.96,43508.11,0.8967868,43508.11
5.47,5.47,5.47,0.0,5.47
8.84,8.84,8.84,0.0,8.84
6400.03,6400.03,6400.03,0.07829,6400.03
10164.42,10170.0,10141.98,13.93240787,10170.0
420.6,420.6,420.6,0.0,420.6
3754.26,3764.49,3754.26,4.22497603,3764.49
9486.81,9492.62,9474.36,5.57365816,9492.62
431.01,431.87,431.01,0.17042289,431.87
8049.0,8057.88,8049.0,12.36198795,8049.97
306.97,307.24,305.21,7.6651067,305.21
3582.17,3584.3,3582.17,0.2489892,3584.3
1029.54,1029.54,1028.0,1.31054019,1029.49
14401.72,14401.72,14400.0,14.58560753,14400.0
646.0,646.0,646.0,0.0,646.0
1186.0,1186.0,1186.0,0.0,1186.0
605.58,605.58,605.58,0.0,605.58
224.0,224.0,224.0,0.0,224.0
127.66,127.68,127.66,1.8,127.68
7490.76,7495.01,7490.76,0.10336373,7490.76
233.59,233.6,233.59,13.40601712,233.6
13.1,13.1,13.1,0.0,13.1
407.36,407.36,407.36,0.05808044,407.36
6.14,6.14,6.14,0.0,6.14
46363.22,46445.15,46363.22,0.20846569,46426.49
44441.98,44446.33,44441.98,0.0510062,44446.33
4.65,4.65,4.65,0.0,4.65
41488.15,41488.15,41470.32,0.11027586,41485.11
9577.34,9577.34,9575.74,0.04922572,9575.74
9.1,9.1,9.1,0.0,9.1
46663.61,46663.61,46663.61,0.0,46663.61
13760.01,13783.85,13750.0,6.33911098,13750.01
4575.0,4581.0,4506.1,91.9005592,4513.04
246.32,246.32,246.32,50.0,246.32
306.71,307.39,306.71,0.51035337,307.39
626.88,626.88,626.88,0.008,626.88
38768.96,38786.38,38755.87,0.57613412,38764.06
9391.81,9399.06,9391.79,34.74732848,9398.01
60756.58,60756.58,60719.47,0.03716,60734.39
38468.98,38546.04,38438.3,3.74617362,38526.99
1178.74,1178.74,1178.68,0.96211257,1178.68
1280.58,1280.58,1280.58,0.0,1280.58
3429.99,3430.0,3429.94,9.92183408,3430.0
41321.3,41322.13,41301.02,0.13439742,41301.02
3558.2,3560.7,3556.74,2.49792341,3556.74
447.16,447.16,447.16,0.0,447.16
12.47,12.47,12.47,0.0,12.47
118.16,118.16,117.52,7.334213,118.16
374.77,376.29,374.38,3.3107,374.38
425.53,426.84,425.5,1.09461637,425.5
282.48,282.49,282.48,2.06,282.49
339.28,339.36,339.28,3.48,339.36
238.22,238.22,238.22,0.72427345,238.22
233.78,233.78,233.78,1.40260163,233.78
442.01,442.01,442.01,0.02423962,442.01
5266.63,5266.63,5266.63,0.04406649,5266.63
49741.93,49741.94,49659.19,1.65423438,49659.19
7409.98,7422.55,7405.43,8.64950541,7422.55
41166.45,41200.0,41166.45,0.07496,41200.0
280.19,280.19,280.19,0.0,280.19
113.95,113.95,113.95,1.0,113.95
98.23,98.23,98.23,0.06281176,98.23
929.95,929.99,929.95,8.02418461,929.95
597.0,597.0,597.0,0.0,597.0
5295.38,5298.17,5292.21,3.98265953,5295.0
20.35,20.35,20.35,0.0,20.35
279.55,279.55,279.55,0.0,279.55
126.19,126.19,126.19,0.52893415,126.19
79.18,79.66,79.13,16.77564,79.66
4342.59,4344.11,4339.5,5.83571542,4344.09
7173.03,7174.21,7171.04,0.05012944,7174.21
56628.2,56660.32,56600.61,1.12575172,56660.32
779.07,779.07,779.07,1.9379837,779.07
1257.2,1257.2,1257.2,0.44855716,1257.2
588.47,588.47,588.47,0.0,588.47
6.2,6.2,6.2,0.0,6.2
429.88,429.88,429.88,0.18683,429.88
47308.42,47308.42,47297.33,0.01198,47297.33
99.81,99.81,99.81,0.0,99.81
6242.62,6243.99,6239.43,2.34982761,6243.99
5.42,5.42,5.42,0.0,5.42
12.4,12.4,12.4,0.0,12.4
360.61,362.1,360.61,9.13175977,361.62
46633.06,46633.06,46619.78,0.03728045,46619.78
683.81,684.49,683.81,0.099,684.49
56649.2,56660.65,56647.13,0.0349934,56658.87
5891.65,5907.13,5880.0,22.41951062,5897.32
236.24,236.83,235.7,17.587583,236.58
11359.6,11359.6,11359.6,0.08756165,11359.6
354.73,354.73,354.72,0.70965563,354.72
1050.69,1050.69,1050.25,0.23820596,1050.25
357.01,357.01,357.01,0.0,357.01
241.08,241.08,240.22,0.20718886,240.22
49061.27,49074.4,49061.27,0.05109,49074.4
7409.74,7409.74,7403.49,1.02604415,7403.49
10916.33,10916.33,10910.0,11.29239166,10910.0
691.0,697.73,690.0,3.89456966,690.78
13517.45,13524.07,13517.45,0.69333934,13524.07
9553.8,9558.57,9545.74,3.33934932,9552.25
54688.24,54845.57,54677.05,12.97937049,54845.57
9300.03,9318.72,9300.03,1.32647605,9318.72
1215.99,1219.57,1215.99,2.03063223,1216.07
7362.99,7372.9,7362.99,0.11198482,7372.9
13260.1,13310.0,13245.73,24.56107405,13300.05
6027.19,6027.76,6027.19,0.25730239,6027.76
5741.16,5742.56,5740.51,0.25214215,5740.51
93.82,93.82,93.82,0.0,93.82
234.36,234.36,234.36,0.2,234.36
10080.04,10085.53,10073.78,0.4943971,10079.2
4.8,4.8,4.8,0.0,4.8
39718.13,39727.85,39694.64,2.14616503,39703.74
740.18,740.18,740.18,0.0,740.18
8401.66,8404.99,8401.57,0.3467576,8401.57
11.51,11.51,11.51,0.0,11.51
9681.03,9687.96,9673.68,0.71245556,9687.96
405.2,405.47,405.2,4.47045,405.47
41190.14,41202.24,41171.54,0.13217062,41202.24
10673.23,10679.98,10660.01,17.69605567,10673.3
1084.99,1084.99,1083.76,2.9356,1084.98
42790.0,42790.0,42773.18,1.53971233,42787.17
7388.99,7389.73,7386.25,1.42756625,7388.77
44282.57,44282.57,44251.86,0.04359302,44251.86
416.0,417.3,416.0,2.252833,417.3
7465.2,7475.48,7465.2,12.24859955,7471.34
3615.8,3615.81,3612.06,3.87612583,3613.14
9771.0,9773.13,9766.39,10.61947937,9766.41
9820.99,9844.96,9820.99,2.37111189,9841.99
628.16,628.16,628.16,0.0,628.16
7524.7,7524.7,7524.7,0.01444811,7524.7
4.94,4.94,4.94,0.0,4.94
32736.5,32736.92,32654.36,3.11264744,32663.13
8382.35,8382.35,8382.34,25.18193189,8382.34
238.98,238.98,238.75,1.12559395,238.75
62.14,62.17,62.14,4.42,62.17
8402.8,8408.57,8398.29,17.38634607,8408.57
5.09,5.09,5.09,0.0,5.09
100.01,100.01,100.01,0.189981,100.01
12.89,12.89,12.89,0.0,12.89
1262.35,1262.35,1262.35,0.005,1262.35
7177.94,7185.49,7177.94,0.02050509,7185.49
859.95,859.95,858.8,7.15133,858.8
5.08,5.08,5.08,0.0,5.08
7849.95,7850.88,7843.22,2.59703894,7844.82
13.41,13.41,13.41,0.0,13.41
47099.78,47118.43,47080.74,6.98553968,47080.74
382.0,382.42,381.65,3.11439672,382.42
11349.23,11349.23,11349.23,0.0039163,11349.23
6915.18,6920.38,6913.8,3.3112294,6918.36
239.94,239.94,239.94,0.05821571,239.94
5.05,5.05,5.05,0.0,5.05
567.09,567.09,567.09,0.032,567.09
276.8,276.8,276.8,0.0,276.8
241.48,241.48,241.48,1.0,241.48
7289.46,7289.46,7287.18,1.0038805,7288.94
654.61,654.61,654.61,0.0,654.61
583.9,584.0,583.9,6.46,584.0
8332.42,8332.42,8328.52,0.40294409,8332.42
703.5,703.5,703.5,0.0,703.5
3953.68,3955.49,3953.2,13.10020547,3955.49
563.0,563.0,561.8,0.54286239,563.0
494.0,496.01,494.0,22.6631283,494.59
2732.99,2739.08,2732.99,35.52968494,2734.0
582.98,582.99,582.98,6.53,582.99
6775.83,6776.13,6775.83,1.28282933,6775.86
129.99,129.99,129.99,1.0,129.99
47228.96,47249.99,47228.96,3.55329786,47248.93
6139.5,6140.55,6125.0,6.34570239,6132.2
9980.18,10087.94,9979.54,96.06857241,10038.99
47751.34,47805.73,47722.64,2.23972,47783.54
9279.13,9279.18,9273.96,0.54001627,9278.94
277.21,277.21,276.82,7.19000349,277.21
405.8,406.46,405.66,21.01664305,406.46
15.47,15.47,15.47,0.0,15.47
627.0,627.0,625.99,1.60482312,627.0
31984.95,32003.85,31909.25,21.18546267,31960.16
7463.0,7465.34,7457.42,5.38828608,7459.92
352.01,352.01,352.0,0.70299686,352.0
48359.61,48392.76,48359.61,0.39424931,48392.76
1011.69,1011.69,1011.69,0.11574808,1011.69
379.54,379.74,379.48,0.5829434,379.74
8458.16,8461.31,8456.0,0.59595113,8456.0
2175.22,2175.22,2175.19,0.68176175,2175.19
39531.75,39544.6,39530.41,0.22243909,39544.46
574.52,574.52,574.52,9.23445305,574.52
253.69,253.69,253.69,0.0635077,253.69
11.33,11.33,11.33,0.0,11.33
59071.76,59091.03,59064.56,1.157914,59091.03
441.99,441.99,441.99,0.02295528,441.99
6.43,6.43,6.43,0.0,6.43
4075.46,4076.23,4074.07,7.5286942,4075.45
5.69,5.69,5.69,0.0,5.69
10130.48,10131.11,10129.42,0.03062665,10131.11
12.62,12.62,12.62,0.0,12.62
13920.0,13920.0,13905.0,13.75796651,13905.1
6330.07,6331.74,6330.06,0.23290736,6330.06
416.94,416.94,416.94,0.231,416.94
5.86,5.86,5.86,0.0,5.86
1000.72,1001.98,1000.72,3.151,1001.98
1157.33,1157.33,1157.31,0.52026014,1157.31
4.65,4.65,4.65,0.0,4.65
15.68,15.68,15.68,0.0,15.68
5.83,5.83,5.83,0.0,5.83
6300.0,6303.69,6292.8,3.23798156,6296.15
3929.75,3935.72,3929.75,0.53258403,3935.62
244.45,244.45,244.22,4.4999,244.22
19097.03,19097.03,19088.54,0.60999448,19095.01
119.91,120.44,119.9,2.68808918,119.9
570.0,570.0,570.0,0.0,570.0
242.34,242.34,242.34,0.024,242.34
276.24,276.87,276.24,25.27832433,276.76
233.41,233.54,233.41,2.39334312,233.54
6527.43,6527.45,6526.46,0.33482767,6526.46
38737.13,38751.5,38719.9,1.47453571,38751.5
10.31,10.31,10.31,0.0,10.31
649.74,649.74,649.74,0.0,649.74
8315.55,8319.3,8315.55,0.18223668,8315.56
26470.43,26473.16,26447.56,0.33285426,26447.56
10152.93,10152.93,10141.43,31.01884944,10149.21
6360.0,6360.0,6360.0,1.0,6360.0
3844.55,3844.63,3842.46,3.34221951,3842.46
62210.2,62403.68,62210.2,3.93463172,62403.68
66156.46,66184.55,66015.81,0.7606614,66092.3
5149.96,5156.43,5149.21,14.87287667,5149.74
892.1,892.1,892.1,0.35,892.1
48843.47,48845.22,48811.7,0.34724955,48811.7
3411.27,3411.6,3411.27,0.33931049,3411.6
401.24,401.24,399.04,1.75587645,399.04
234.81,234.81,234.81,0.0,234.81
49056.97,49056.97,49051.07,0.00586,49051.07
7646.13,7650.45,7646.13,0.6473404,7650.45
57770.07,57807.34,57770.07,0.26282576,57807.34
293.64,293.64,293.64,1.1449402,293.64
388.6,388.6,388.6,0.06678972,388.6
125.31,125.34,125.21,5.94425723,125.32
892.99,892.99,891.89,0.25306193,891.89
57803.92,57804.06,57799.92,0.469,57803.92
15254.14,15269.92,15202.0,4.94123013,15258.8
238.18,238.18,238.18,0.0,238.18
46.73,46.73,46.73,2.0,46.73
4946.45,4946.48,4943.99,1.26713326,4943.99
7243.52,7243.52,7243.52,0.05754165,7243.52
614.86,615.32,614.86,6.43000007,615.32
428.52,428.52,428.15,0.15197632,428.15
6449.61,6451.8,6449.49,9.47648618,6449.51
3736.1,3739.69,3732.94,13.64629171,3736.43
609.35,609.35,609.35,0.0,609.35
418.05,418.05,418.05,0.0,418.05
8850.0,8857.42,8841.38,36.74242116,8844.6
2575.99,2575.99,2572.3,0.09329223,2572.3
243.88,243.88,243.88,9.18781586,243.88
4065.0,4065.0,4055.49,0.87374945,4064.99
9155.86,9163.56,9155.86,2.57730975,9163.56
628.82,628.82,628.82,0.03565607,628.82
36534.56,36575.05,36534.56,0.17459204,36575.05
10214.0,10216.67,10208.02,6.29197526,10216.23
37798.43,37798.43,37725.0,3.67093817,37727.79
37748.19,37763.8,37734.81,0.76896843,37739.92
9255.77,9255.77,9254.95,0.00556771,9254.95
56020.22,56084.66,56020.22,1.64655968,56069.16
6346.18,6348.83,6343.99,1.57412242,6347.0
12467.12,12467.12,12458.2,0.38819194,12459.99
26821.68,26830.0,26800.97,5.03195998,26817.33
7388.33,7388.38,7378.58,4.28950682,7378.58
574.47,574.47,574.47,0.0,574.47
97.38,97.49,97.38,27.60137403,97.49
831.01,831.22,831.0,3.13810486,831.0
4328.99,4328.99,4326.7,2.38937001,4327.73
410.33,410.33,410.33,0.0,410.33
14829.92,14834.42,14790.2,1.91571194,14790.2
225.71,225.71,225.71,0.0,225.71
239.55,239.55,239.55,0.40855068,239.55
6.07,6.07,6.07,0.0,6.07
780.7,780.7,780.7,0.0,780.7
6569.38,6571.79,6569.21,0.22056854,6571.79
419.31,419.31,418.49,24.0,418.49
594.0,599.0,594.0,24.73177882,594.0
3570.76,3571.43,3570.02,0.05587024,3571.43
13.37,13.37,13.37,0.0,13.37
8279.94,8279.94,8279.94,0.0,8279.94
23413.91,23440.14,23413.91,2.19708091,23430.98
119.62,119.62,119.62,1.13914984,119.62
1235.05,1235.05,1234.98,0.20598043,1234.98
46333.42,46339.13,46333.12,0.00450414,46339.13
5840.18,5840.99,5840.18,1.67185957,5840.49
268.13,268.13,268.13,0.0,268.13
440.1,440.1,440.0,7.94429954,440.0
274.36,274.36,274.36,0.0,274.36
259.25,259.55,259.25,1.22,259.55
10.42,10.42,10.42,0.0,10.42
41589.26,41595.61,41579.72,0.03808,41579.72
5.22,5.22,5.22,0.0,5.22
10.53,10.53,10.53,0.0,10.53
8395.44,8395.45,8381.05,0.54074781,8381.05
19019.24,19032.44,19008.0,9.01009565,19022.63
5699.68,5704.28,5689.28,4.54817847,5689.62
221.28,221.28,221.28,4.34943,221.28
47109.04,47189.42,47109.04,0.34744119,47189.42
47040.11,47040.11,46986.25,1.21685604,47016.85
240.72,240.75,239.95,21.66332807,240.75
7142.5,7155.19,7114.47,113.29848366,7129.57
140.1,142.0,139.0,39.57581092,140.0
99.96,99.96,99.96,0.0,99.96
628.32,628.32,628.32,0.06,628.32
117.89,117.89,117.89,2.95232844,117.89
6443.97,6443.97,6442.12,0.59703151,6442.12
47465.81,47468.86,47427.37,0.59479131,47461.59
9171.09,9171.09,9166.9,0.4243445,9166.9
33929.82,33951.33,33929.12,1.19309155,33951.33
6250.99,6254.38,6244.46,16.6206968,6244.46
4004.7,4005.66,4004.7,1.34540479,4005.66
46844.48,46868.62,46832.66,1.30516065,46853.35
5252.46,5252.46,5244.41,16.02011528,5246.58
15748.11,15750.0,15724.69,6.92714003,15729.24
8126.0,8132.69,8126.0,1.0401498,8128.07
13.56,13.56,13.56,0.0,13.56
675.99,675.99,675.99,0.0,675.99
485.52,485.52,485.06,2.576,485.5
377.79,377.8,377.79,9.63974148,377.79
9511.38,9522.99,9506.97,14.71365796,9506.99
39139.23,39162.23,39065.69,4.7260561,39065.69
7251.44,7251.44,7244.01,0.4156295,7244.01
109.73,109.73,109.73,0.0,109.73
102.73,102.73,102.73,0.83923328,102.73
1267.9,1267.9,1267.9,0.0,1267.9
13.15,13.15,13.15,0.0,13.15
5.88,5.88,5.88,0.0,5.88
1543.01,1543.01,1543.0,4.43540523,1543.0
33867.68,33880.93,33857.72,4.09003995,33858.29
679.72,679.72,679.72,0.01,679.72
43659.79,43705.72,43652.84,0.61002591,43705.72
13.24,13.24,13.24,0.0,13.24
10706.83,10706.83,10657.21,12.59054476,10657.21
39424.95,39450.0,39424.95,5.1452278,39444.55
45739.09,45763.78,45715.27,1.06677,45763.77
6.51,6.51,6.51,0.0,6.51
5137.78,5155.19,5137.77,60.1269241,5141.0
459.09,459.09,459.09,0.0,459.09
425.27,425.27,425.11,0.45335061,425.11
423.57,423.57,423.57,0.0,423.57
653.99,653.99,653.99,0.02061194,653.99
5533.25,5536.87,5528.07,7.64237646,5536.87
9764.87,9772.62,9755.86,0.30450689,9755.86
653.03,653.03,653.03,0.0,653.03
38080.11,38091.51,38080.11,0.97401105,38091.45
420.56,420.56,420.56,0.0,420.56
6954.72,6967.64,6954.72,7.4942779,6964.19
288.75,288.75,288.75,0.1,288.75
847.47,848.5,847.47,1.54834669,848.5
7344.92,7344.92,7340.76,27.07701408,7344.14
4.73,4.73,4.73,0.0,4.73
242.77,242.93,242.77,0.15327877,242.79
45347.21,45375.92,45325.74,5.29916567,45339.08
421.01,421.01,421.01,0.0,421.01
33652.19,33652.19,33652.19,0.00210654,33652.19
9600.0,9610.78,9600.0,2.23069282,9606.72
232.1,232.15,232.0,0.15071,232.0
1004.99,1004.99,1003.2,0.24,1003.2
3667.04,3671.05,3667.04,0.057,3671.05
211.72,212.09,211.53,4.59095603,212.09
7539.94,7539.94,7539.71,0.01759691,7539.71
1604.67,1604.68,1602.13,8.00841244,1604.68
7647.99,7647.99,7645.64,0.54155089,7647.99
6.33,6.33,6.33,0.0,6.33
59406.96,59406.96,59405.29,0.02894119,59405.29
60415.0,60440.44,60354.35,3.74465313,60356.03
17584.21,17600.0,17570.0,5.35446761,17599.98
27.21,27.21,27.21,0.0,27.21
6738.9,6739.09,6738.9,0.09009823,6739.09
10.93,10.93,10.93,0.0,10.93
9984.99,9987.99,9984.99,0.07099381,9987.99
411.8,411.8,411.8,0.0,411.8
572.2,574.0,571.0,14.80374672,571.79
593.0,593.0,593.0,0.0,593.0
447.5,447.59,447.5,0.05244731,447.59
37837.34,37837.34,37789.88,0.75562297,37802.95
8970.0,8973.69,8970.0,0.80544761,8973.69
12.05,12.05,12.05,0.0,12.05
9697.83,9709.99,9697.21,4.25892703,9709.99
918.2,918.2,918.2,0.258,918.2
8.27,8.27,8.27,0.0,8.27
315.41,315.41,315.41,0.3939,315.41
586.84,586.84,586.84,0.0,586.84
220.0,220.0,220.0,3.42836913,220.0
43833.42,43833.42,43833.42,0.00289,43833.42
7100.12,7108.32,7097.69,0.07085307,7098.17
9392.99,9404.0,9343.8,20.72969868,9343.8
7294.02,7297.44,7288.83,0.49886052,7297.44
716.16,716.16,716.16,0.0071,716.16
353.97,353.97,353.97,0.0,353.97
93.91,93.91,93.91,0.0,93.91
6911.86,6915.78,6910.88,6.69939703,6915.78
3988.87,3988.87,3988.87,0.05669791,3988.87
1168.64,1169.98,1168.64,2.04305235,1169.98
8564.12,8564.44,8555.93,2.30668229,8560.33
4355.07,4370.0,4344.25,69.50484667,4350.01
9519.92,9525.14,9515.46,0.25851585,9524.84
35555.43,35559.92,35497.46,5.19016874,35502.06
6140.99,6140.99,6135.01,0.15980114,6135.02
16139.88,16142.77,16135.27,0.36997467,16136.0
5.5,5.5,5.5,0.0,5.5
17.5,17.5,17.5,0.0,17.5
9624.25,9630.27,9624.25,0.1995105,9630.27
7220.02,7226.11,7220.02,0.75845472,7226.11
7602.65,7609.64,7602.65,0.0972772,7605.19
274.13,274.3,273.91,1.57181468,274.0
248.35,248.35,248.35,0.0,248.35
271.43,271.95,271.1,118.39650053,271.86
11585.94,11599.52,11581.24,5.46385133,11594.06
582.53,582.53,582.53,0.0,582.53
566.32,566.34,566.32,0.12789207,566.34
223.44,223.44,223.44,2.0,223.44
38608.04,38611.19,38561.19,2.25522609,38561.19
8.76,8.76,8.76,0.0,8.76
369.14,369.14,369.13,0.98059088,369.13
356.61,356.61,356.61,1.0002,356.61
6384.7,6385.5,6384.7,0.41859732,6384.7
2809.75,2809.75,2807.89,1.0729097,2807.89
4397.99,4399.99,4396.02,1.23659319,4399.99
10391.36,10391.7,10381.08,11.16665575,10381.08
578.97,578.97,578.21,2.09366,578.21
13.23,13.23,13.23,0.0,13.23
11.93,11.93,11.93,0.0,11.93
258.04,258.04,258.03,6.1492,258.03
1058.15,1058.15,1058.15,0.0,1058.15
63116.54,63127.43,63116.43,7.42589544,63116.43
604.47,604.5,601.25,0.31644868,601.25
6.06,6.06,6.06,0.0,6.06
1279.05,1279.05,1279.0,0.80916592,1279.0
31908.41,31908.41,31890.13,0.08142075,31891.81
12.4,12.4,12.4,0.0,12.4
289.93,289.93,289.93,0.0,289.93
1097.56,1097.63,1097.51,0.59538755,1097.51
594.0,594.0,594.0,1.70427611,594.0
5.0,5.0,5.0,0.0,5.0
88.77,88.77,88.77,0.0,88.77
582.23,582.23,582.23,0.3,582.23
