Open,High,Low,Volume
3.0148884542299066,3.0148488018971347,3.016319940272286,0.04066041360532539
-0.2947946795692451,-0.29497911895360573,-0.29502309157571105,0.8636690671361339
-0.5678515600448655,-0.5678656252272322,-0.5677863653417028,-0.3168146016810049
-0.5853063850802693,-0.5853095593014518,-0.585249670947893,-0.3168146016810049
-0.5773489268177145,-0.5773558026016682,-0.5772883464885739,1.004918687251551
-0.5618095052249179,-0.5618273403553868,-0.56174137493956,-0.3168146016810049
-0.5613973458042645,-0.5613914315291079,-0.5613290152678507,1.2738251875501934
-0.5858241129414891,-0.5858269641256872,-0.5857676503514666,-0.3168146016810049
-0.5858241129414891,-0.5858269641256872,-0.5857676503514666,-0.3168146016810049
2.5043000538950513,2.5032971592204607,2.5042843345435117,-0.2789424469346679
-0.5858019878192147,-0.5858048528084122,-0.585745514479519,-0.3168146016810049
1.8678898760641156,1.8663560267887138,1.8665346848500233,-0.19810718730532476
-0.5097863891480814,-0.5098366841706848,-0.5096929830024659,-0.2764188287220743
-0.5490919849416259,-0.5489926683051244,-0.5490176757440892,-0.28767479374740573
-0.12695350199608427,-0.12705945804792662,-0.12676832890213247,-0.26544640088436217
0.07028943449427465,0.07155007948355005,0.07066467526578152,0.4386674470223706
-0.19408491585454302,-0.19419763006985752,-0.19387101112403568,-0.2894147945296871
-0.31146690742248806,-0.3116409441482121,-0.311697095233599,-0.0387672150337646
-0.5707512153555057,-0.5707634712941032,-0.5707083004387837,0.17980133666194678
-0.3449902605462208,-0.3451433803313914,-0.3448167868415727,-0.3132884575162638
-0.5711203888243118,-0.5711324144166349,-0.571056782308587,-0.3048501393647389
0.08969885604602917,0.08980328777003523,0.09008352704516982,-0.009641015390470397
-0.3467103307664633,-0.34677835430589826,-0.34653769277212626,-0.25400033746534123
-0.5592126480162608,-0.5592314717073001,-0.5592969422230625,-0.18890491480878618
-0.5495939091440781,-0.5496193662118903,-0.5495198438105572,-0.31200985131048403
-0.5805083942784907,-0.5805145622123845,-0.5804493490026886,-0.3168146016810049
-0.5858241129414891,-0.5858269641256872,-0.5857676503514666,-0.3168146016810049
0.3966267701382648,0.3980527396375529,0.39713906117887293,0.0849148102238317
2.2337224514068588,2.2319603404118515,2.235148813962987,-0.3163592207609445
1.8878290362577528,1.8874938143517048,1.8889861510862307,-0.298338249344754
-0.4002847339879065,-0.4004027209612626,-0.400138125559488,-0.31023568953140396
-0.5795342567520688,-0.5795410325003617,-0.5794747381835108,-0.3168146016810049
-0.5419424097152599,-0.5419202055367305,-0.5418646268375988,-0.2997986445280119
-0.16273235329909855,-0.16288105553729385,-0.16265373959658566,0.9642727873232191
-0.5644360733120577,-0.5643417130055169,-0.5643742787943539,17.063370633095712
-0.5573945951116606,-0.5574151849311383,-0.5573243198057909,-0.2796440198073211
0.46876351880153055,0.46810265626864217,0.4688542266611682,-0.25797152534612044
2.417954551707203,2.4180927774809984,2.41945018643811,-0.311656199745395
-0.5527571694829584,-0.5527806528302953,-0.5528041747540943,1.4844750987149613
-0.5492999610910047,-0.5493066490104295,-0.5492257529403964,-0.22677659474766454
-0.5596848613402303,-0.5597040221450633,-0.5596156987791078,-0.2501033812454821
2.091181667227584,2.0914959862905964,2.092538775167425,-0.3149359411224623
-0.5798585478299756,-0.5798196350980269,-0.5797991868209139,8.253717143495223
-0.557844051167005,-0.5578643605477821,-0.5577739942330688,-0.30538722602076995
-0.25520588221058904,-0.2554150230774618,-0.2553448573364106,-0.0316043005659907
-0.5686366858124292,-0.5686502611145341,-0.5685718725690999,-0.3168146016810049
-0.3540482856053366,-0.3540485554259229,-0.3548316877641435,2.306069713925984
-0.5791265223558703,-0.5791335525105793,-0.5790668056861911,-0.3168146016810049
-0.5626489955786415,-0.5626580941330052,-0.5625812731665997,-0.16951752808950504
2.844679888573391,2.8426149071151396,2.8454904594644614,-0.27592078026677375
-0.08591708949433553,-0.08560768742841861,-0.08568098829999732,-0.03764201791801078
-0.5857046372812076,-0.5857075630124021,-0.5856481166429497,-0.3168146016810049
-0.5738082751074691,-0.5738186235895881,-0.5737459745234763,-0.3168146016810049
0.028205555489423502,0.02806090891512994,0.028387689659834865,-0.30372106894000506
1.4728597250754487,1.4715723553856226,1.472779897285964,-0.31241750293925546
0.29109625835315894,0.2905468832945119,0.285190367298135,1.749103930631723
1.883570898439468,1.8820272649693994,1.883902489980097,-0.3157358574186787
-0.16020440004266728,-0.16047281721008375,-0.16015997550831937,0.07555936804078726
0.02122855621679739,0.021178603475301327,0.021579960355726797,-0.3145114381141735
-0.5399694809547392,-0.5398310019302027,-0.540078578198171,3.695587966365431
-0.5578206617520293,-0.5578188744093878,-0.5577695670586793,-0.26653414877597104
2.0259795640314473,2.0243521285013664,2.023407814621639,-0.3056241806542479
-0.00445428571925921,-0.004155280354565646,-0.004458782042957279,0.6727678420268965
-0.5831318016338769,-0.583136332689279,-0.5830740309621878,-0.3168146016810049
-0.11847389084785492,-0.11876834582171847,-0.1184465059568097,0.03917520444719007
-0.25813145552160777,-0.25811197203309133,-0.2580176057607102,-0.2562590028313517
-0.3844943502938837,-0.3846228214499682,-0.38464175028921144,0.056593421793118
0.031329622754560645,0.0321142292476011,0.031685934580024715,-0.2683880490683018
2.5123959522084083,2.5131600702289614,2.5139577105846054,-0.31351266148398005
0.5108252726841073,0.5127984730083557,0.5083193240762877,1.9286281136709273
-0.5556650426961577,-0.5556860799202321,-0.5555939270729741,1.344097313655847
2.1545581317629114,2.154120922580736,2.155416668114761,-0.30535107608923756
-0.549033827477362,-0.5490059350954893,-0.5489594900235413,-0.27315065527738785
-0.5853784497642488,-0.5853815790205762,-0.5853217706450938,-0.3168146016810049
-0.5381735531724132,-0.5382061359864502,-0.538093939164699,-0.3168146016810049
-0.5590223719647015,-0.5590419461306572,-0.5589528875276487,-0.16683799362066565
-0.5605540625724367,-0.5605726810380103,-0.5604853223199057,-0.30832017568635706
-0.18264749193140942,-0.1827679742944416,-0.1825153088149256,-0.2770824381386779
-0.5595495820211815,-0.5595688272337247,-0.5594803537334855,-0.2642053981722987
0.35792740269503726,0.35841662404228464,0.3571667360694117,2.5951082995895645
-0.5228813008027385,-0.5229234252378825,-0.522794256928014,-0.3150433584536685
3.1885384246196087,3.1876436923859934,3.186070455436037,-0.1665459013282583
-0.5460418787995202,-0.5460695521613674,-0.5459660876827439,-0.3168146016810049
0.0964571326813147,0.09633307563730802,0.0967919611522559,-0.07104685612737895
-0.5293045398721555,-0.5292826400861766,-0.5295735258253322,0.6885470537366284
-0.05460182357358217,-0.05493613160836329,-0.05564071270667454,9.797734859291795
-0.5589395607927603,-0.5589591866288564,-0.5588700361212162,-0.2738986152960587
-0.5804856370098656,-0.5804918191431873,-0.5804265806772568,-0.3168146016810049
-0.010094295460164372,-0.010206832016776008,-0.010177426447244302,-0.18858449976580494
-0.5738139644246253,-0.5738243093568873,-0.5737516666048343,-0.2025408450786552
-0.3520317387466179,-0.3520983372422666,-0.35186168620226205,-0.2738028910269968
-0.5601311566638213,-0.5601500390020964,-0.5600622109389647,-0.3168146016810049
-0.49015129134912866,-0.49005021396915793,-0.4900806004569073,-0.28639405347922137
-0.26541062074986643,-0.26561339435662046,-0.2651991150739903,-0.31208464348418025
-0.5444115733610765,-0.5441926172006798,-0.5443356226004333,-0.2453809222639344
-0.5622962579149534,-0.5623137893354371,-0.5622283641224067,-0.3168146016810049
-0.5853379923978042,-0.585341146897559,-0.5852812936221039,-0.3168146016810049
-0.5501893910064333,-0.5502144765225493,-0.5501156149926892,-0.3168146016810049
-0.5706317396952242,-0.5706440701808182,-0.5705716904861929,0.6250925508016927
-0.5571708153035143,-0.5571637476661252,-0.5571004312723781,0.5672860311436719
-0.0720730844141042,-0.07159163928374822,-0.07279727837301979,0.46055270836235795
-0.5854448251310718,-0.5854479129724013,-0.5853881782609366,-0.3168146016810049
1.9173205599567495,1.9161418687651355,1.9177178804207093,-0.31368215403387895
-0.5615888861485251,-0.5616068589345588,-0.5615206486735683,-0.3168146016810049
-0.5806209163289144,-0.580627014054526,-0.5805619257228792,0.04616611748473874
-0.5106682333073017,-0.5107179781020748,-0.5105752556129481,-0.3168146016810049
3.0116265790603176,3.0093790937552183,3.0100921708132047,-0.27231409081606023
0.17023050824653105,0.17127970141692964,0.17041207652901177,0.7601154299160813
0.279344025547379,0.2788342026579757,0.27925415889527744,-0.18725334248757647
0.057082632935544365,0.057860015330705505,0.05745145707352709,-0.28161163734305966
-0.5856319404508775,-0.5856349115413556,-0.5855753844922647,-0.3168146016810049
0.46565841592691415,0.4650083353539845,0.4636257337071492,0.4954641877729122
-0.5652275205431284,-0.5652432229984155,-0.5651610509287195,-0.3168146016810049
0.13324805029179249,0.13323307365777382,0.1336538800263396,-0.17576795289795838
-0.5711943499473432,-0.5712063293915257,-0.5711307793662405,-0.3168146016810049
-0.564611809997551,-0.5646019947974401,-0.5645456736885767,0.18998950885041602
3.5283044451914223,3.52573457804787,3.5270830495908165,-0.3121126714084621
-0.008921663979624276,-0.008855514655311493,-0.00858490857398674,-0.2939733860870045
-0.531074549654103,-0.5311115619007813,-0.5310547318853677,0.43129102403912967
0.1346577366538434,0.13422239716785017,0.13483403822788786,-0.008472898765843076
-0.5858468702101141,-0.5858497071948844,-0.5857904186768984,-0.3168146016810049
-0.5857305552815861,-0.58573346484121,-0.5856740472358025,-0.3168146016810049
-0.5662048188013036,-0.5662199114700489,-0.5661388240153183,-0.3168146016810049
-0.31943827290475824,-0.3196073358864387,-0.319815268157004,-0.22713763925343697
-0.5147721274160167,-0.5148193115806288,-0.5148430517244421,0.29884778413240265
-0.5482701946857218,-0.5482964776869225,-0.5481954862146076,-0.3033163484330904
0.036452536780596984,0.036391189760511033,0.03657669737347212,-0.19619701518703025
-0.5593807989455458,-0.5594001494705124,-0.5593114886531996,-0.3168146016810049
-0.5109280454574375,-0.5109763646382314,-0.5109547277034782,-0.23885316990379557
2.179281375538612,2.1811807526618985,2.178432915312374,-0.10240324697338224
1.5281845415419677,1.5268626518596786,1.5259274933786267,-0.269985929864972
-0.5685785283481652,-0.5685921399376969,-0.568513686848552,-0.18153928155364366
-0.5587018737648989,-0.5587216479061305,-0.5586322336111509,-0.3168146016810049
0.3633499540913033,0.36490092577116306,0.36181590163188837,0.41478490210806196
-0.5628632931915273,-0.5628804708095997,-0.5627956748977492,-0.3156152986054632
-0.0017101384108900765,-0.0020016380519792556,-0.0013698792260431131,-0.31422413046395503
0.14357732166215684,0.14338722230238246,0.14381803997118545,-0.29712841822801656
-0.5487910832786949,-0.5486831098632741,-0.5487349690366443,1.4621401050067024
-0.5472764606224284,-0.5472995731537803,-0.547201269337419,-0.3130771739108377
-0.5855718865475615,-0.585574895108752,-0.5855153014112642,-0.3168146016810049
-0.5461423900692808,-0.5461700007169882,-0.5460666477867343,-0.3168146016810049
-0.5786903413738903,-0.5786970119323783,-0.5786304127820816,-0.08996998799803074
-0.5435961045686792,-0.5436253039745951,-0.5435191251523096,-0.3145291265489579
0.09772458611445911,0.09840079967848289,0.09811315648078446,0.3068269857547638
-0.19386492892450102,-0.19411234356036822,-0.19361802973034903,-0.3168146016810049
0.05517797598089889,0.054775170694879964,0.05490583179955505,-0.06896588588151628
-0.5613056845834136,-0.5613238340734386,-0.561283478616987,-0.3053986533964302
-0.5417673051761172,-0.5417976456638347,-0.5417583746522504,-0.01958856075829332
1.8865957187275457,1.8857173279466384,1.8872462715511507,-0.31250996183572244
-0.5858247450878398,-0.5858275958776094,-0.5857682828049507,-0.3168146016810049
-0.17482847371965687,-0.17473967086784503,-0.17470008111046037,-0.09537463216668648
-0.032056956122377966,-0.031594161589013944,-0.03173144118934795,-0.22811047345540653
3.101098044952355,3.1028714289612775,3.102945829098473,-0.28478740902815747
0.05718504064435709,0.05678098304768482,0.05746537105017994,-0.2689219286313539
-0.5858203200633849,-0.5858231736141544,-0.5857638556305613,-0.3168146016810049
1.3929147046883923,1.392145344974161,1.3928687671017053,0.11428917761297043
0.025767999161141707,0.02555727604767624,0.025850286281157583,0.02204742413830504
-0.5853948855693667,-0.5853980045705519,-0.5853382144356833,-0.3168146016810049
-0.5714554263901804,-0.5714672429353709,-0.571391982655222,-0.3168146016810049
2.551615576098258,2.553376134088757,2.5528700436545195,0.05029155551039254
-0.5857052694275582,-0.5857081947643242,-0.5856487490964337,-0.3168146016810049
-0.585749519672107,-0.5857524173988743,-0.5856930208403289,-0.3168146016810049
-0.5857236016717284,-0.5857265155700664,-0.5856670902474761,-0.3168146016810049
-0.15804562025504218,-0.15795212704073217,-0.15793500415084513,-0.30621128093396227
-0.5858222165024369,-0.5858250688699207,-0.5857657529910139,-0.3168146016810049
-0.5479724537545442,-0.5479161630297922,-0.5479108821467101,-0.18820118387623952
-0.1755952672430505,-0.17585408125850577,-0.17561587375560606,-0.3119110845026526
-0.578066412925754,-0.5780728410333008,-0.5780061811931598,-0.23736371833244632
-0.5686366858124292,-0.5686502611145341,-0.5685718725690999,-0.3168146016810049
3.43465575621399,3.4325909699028343,3.434112387410968,-0.3114425986681851
2.5458320691357454,2.5438752169316445,2.5459054658863254,-0.31511992187059207
-0.5854075284963807,-0.5854106396089948,-0.5853508635053678,-0.3168146016810049
-0.5854378715212141,-0.5854409637012576,-0.5853812212726102,-0.3168146016810049
-0.5655265257670073,-0.5655420416575891,-0.5654614663337223,0.17267785235388852
2.396793452617671,2.3975728432978634,2.396705894238711,-0.2437375005184143
2.5314690719015926,2.529521181508627,2.5308309370900215,-0.07945992663512008
-0.52396416750148,-0.5239771874440176,-0.5242843173368285,6.344494003041886
-0.5394865211428078,-0.5395182847287417,-0.5394075450514171,-0.2921605323566765
-0.19396480804791089,-0.19411423881613463,-0.19392476967019406,-0.22046179153295417
-0.557719518335918,-0.5577399054191199,-0.5576494008966781,-0.3168146016810049
-0.578427368492001,-0.5784348348846888,-0.5783673121326475,-0.3074417544620924
-0.5793269127490407,-0.5793338178698987,-0.5792672934406877,-0.2937941134176468
-0.5770328536423668,-0.5770411901444409,-0.5769721197464656,0.1117119855778065
3.3112702707534893,3.3089773348009066,3.3131670427172484,-0.3026007176028999
-0.5487695903027712,-0.5487955617054155,-0.5487134656181809,-0.2671696325642309
0.2749752621177224,0.27550297477251434,0.27405855352243763,0.160909684354395
-0.3448417061538074,-0.3449949186296878,-0.3446681602727818,-0.31481041654315367
-0.5858139985998779,-0.585816856094933,-0.5857575310957192,-0.3168146016810049
2.346602928811501,2.344770385893207,2.3428094732207354,-0.27347731423842986
-0.5577719864830257,-0.5577582262248622,-0.5577347821170474,0.3336546362055181
1.636983249960169,1.6391117016341714,1.6226283662083854,0.7608899185873474
-0.5406838063310252,-0.5407148228692812,-0.5406054119505235,-0.313900620887645
0.09049852117965895,0.09040597910375996,0.09071345071544956,0.2626915761139509
0.12556178281368596,0.1251150614582329,0.12561792605588276,-0.20555139633824462
-0.585305120787568,-0.5853082957976076,-0.5852484060409247,-0.3168146016810049
-0.5713422721934059,-0.5713541593413072,-0.5712787734815471,2.822089966359782
0.00018124347039084844,0.0007603813516310453,-0.0007443827301528755,0.454128890269324
-0.5095847344622095,-0.5096351553075212,-0.5094912303410007,-0.2911030064454762
0.03311543619527541,0.03308333669616888,0.0328863312930679,0.49555844648104563
1.1740005270034906,1.1729596473384785,1.1726054570605382,-0.06714905371035214
-0.33308631261627397,-0.3331748401663874,-0.3329614462799315,-0.11595843826326141
-0.5684792813711059,-0.5684929548859203,-0.5684143916515298,-0.3168146016810049
-0.5719036181528235,-0.5719012565058833,-0.5718403921755315,1.6987005563035558
-0.5448079291229625,-0.5448363724093438,-0.544731538481553,0.9131407012479433
-0.5857362445987424,-0.5857391506085093,-0.5856797393171604,-0.3168146016810049
-0.5596779077303726,-0.5596383199451603,-0.5596100066977499,-0.2583076810277049
-0.5803117967634243,-0.5803180873645979,-0.5802526559690973,-0.3168146016810049
-0.047323290491674164,-0.047662139976805684,-0.0473530422494994,-0.05108321942157275
-0.5337460001321421,-0.5337813455237589,-0.5337243180422462,0.1056633356554923
-0.32834711142510986,-0.328463866082965,-0.3281655515091166,-0.31522669526917985
-0.5483245592718815,-0.5483470178406938,-0.5486306142117486,0.3025571822641816
-0.167763606104284,-0.1680266749431507,-0.16762925115691812,-0.3134758407654964
-0.5379649448766838,-0.5379218476214858,-0.5378852295149076,-0.01116961429398767
-0.41346688183895963,-0.4135425291899203,-0.41332667806585793,-0.2974111852105164
-0.5847165925350705,-0.5847201347580921,-0.5846595918471189,-0.3168146016810049
-0.32448975439316596,-0.32465503374436333,-0.32487110130983193,1.9780045000352398
-0.2321401261664118,-0.2323636589422984,-0.2323943853011565,-0.27602235820901755
-0.571468701463545,-0.5714792462218915,-0.5714052641783904,-0.0572649039944795
-0.5698598890010249,-0.5698727010838812,-0.569795670061059,-0.3122436514169109
2.254293125804841,2.2568412581135417,2.255729482792881,-0.3057848632688816
-0.41243332255557247,-0.41244201734154673,-0.4129162157546013,0.8217866605966919
0.015928641212566354,0.0156305580950391,0.015623513441374297,0.30291363353630735
0.13119736753013628,0.13074712984414008,0.13138653428542285,-0.31501089385078657
-0.3234144734506329,-0.3233902663962325,-0.32323051697177396,-0.3155977301581232
3.4307117951320008,3.4301353501814638,3.4323370904807717,-0.2912861364254881
-0.5404935302794658,-0.5404216899774067,-0.5404150434517743,-0.19880239627247281
2.432446506796897,2.430560401664496,2.432696924665028,-0.29364627860146786
-0.37065729882351,-0.3707792415800429,-0.3705766172537172,0.10949990219456857
-0.32760181087763984,-0.3277657802089967,-0.3274894587344889,-0.30225378076374887
-0.5783989219062197,-0.5784019837847374,-0.5783432789002473,0.6985077257308723
-0.37242225143465185,-0.37197325271289366,-0.3722621057891546,1.1091035538479053
-0.570129815492772,-0.5701152938219842,-0.5700657276988196,-0.25682087946477133
-0.5342390742856845,-0.5342741120230305,-0.5341575486789346,-0.3168146016810049
-0.5806019519383935,-0.5806080614968616,-0.5805429521183527,-0.3154695995657953
-0.5719017217137715,-0.5718943072347397,-0.5718384948150789,2.2436888940686943
-0.5686632359591585,-0.5686767946952641,-0.5686212039408687,0.7065269420232141
0.05535876983719784,0.05578534201838702,0.055726756422068355,-0.3009244084415985
0.01675991366373091,0.01638107937854536,0.012855896994442189,1.6379054927973613
0.3132226449202027,0.31372396606218167,0.3124737781537574,-0.2954263997569547
-0.5848518718541192,-0.5848553296694308,-0.5847949368927413,-0.3168146016810049
-0.5317629570300103,-0.5317433138229246,-0.5316871853695844,0.07571464550673364
-0.5113269298047264,-0.511376263604948,-0.5112342721435018,-0.30740880362437606
3.201749651202793,3.1999255815043806,3.201292978347648,-0.31196265796311357
-0.4004541492098928,-0.4004336768054476,-0.400307623093258,-0.12847364923452909
-0.5585748123484091,-0.5585946657697798,-0.5585051104608233,-0.2354476891127572
-0.5854391358139155,-0.585442227205102,-0.5853824861795786,-0.3168146016810049
-0.5438698239385305,-0.5438988525568832,-0.5439213655682714,-0.0035142245020227184
-0.25374056696967684,-0.2538356432721036,-0.2539534596711339,-0.061482412957196635
-0.5707796619412869,-0.5707919001305997,-0.5707158898805943,-0.28824616253041746
0.08434836933374254,0.08587252731045988,0.08305760128900697,0.7214944958082385
1.8049767748038477,1.8053414261481173,1.8061695295954803,-0.15220896898315026
-0.5611982197037954,-0.5612164362466743,-0.5611361169551645,-0.08649584524896908
-0.5858196879170342,-0.5858225418622323,-0.5857632231770771,-0.3168146016810049
0.11434624225964649,0.11442329192788035,0.1147428883947773,-0.22693988223258
-0.5805008085222823,-0.5805069811893188,-0.5804417595608781,-0.316814395988243
-0.5852855242506965,-0.5852887114880211,-0.585228799982914,-0.3168146016810049
-0.5680291931694108,-0.5680431475173544,-0.5679640847707677,-0.3132712124636549
-0.5466885645162817,-0.546336783224434,-0.5466130875970975,1.6049168133265745
-0.5853006957631132,-0.5853038735341526,-0.5852439788665351,-0.3168146016810049
3.3671703403991406,3.368453619511084,3.368969678536652,-0.26346129489291326
-0.585720440939975,-0.5857233568104557,-0.5856639279800551,-0.3168146016810049
2.7163636615774664,2.7217500246264574,2.718024519348468,-0.2575956132532453
-0.585290581421502,-0.5852937655033983,-0.5852338596107877,-0.3168146016810049
-0.5854075284963807,-0.5854106396089948,-0.5853508635053678,-0.3168146016810049
-0.5857811269896417,-0.5857840049949814,-0.5857246435145398,-0.3168146016810049
-0.0865966468213332,-0.0867713744690065,-0.08786548263448166,-0.13280833793547892
-0.20314294091365875,-0.20338456652166484,-0.2031478388305256,-0.25041498463909173
-0.06657720404115754,-0.06690404002144516,-0.06733224781590359,-0.2988693686252153
0.09144421212029946,0.0910958522027404,0.09159382596547916,-0.2868706258960749
0.06662677853834503,0.06621682975681661,0.06619196422540136,-0.2888971795504123
-0.5676796162374762,-0.5676937887044091,-0.5676143379939957,-0.3156844330854701
-0.5326018152373833,-0.5326378745446795,-0.5327870219786371,-0.21063684933585233
-0.5635099789082888,-0.5635267530259522,-0.5634426748121028,-0.14901838856193436
0.10263193823490831,0.10268976347791357,0.10302289287875843,-0.3156487625323467
-0.5702050409085048,-0.5702170058814493,-0.5701409896634414,-0.28953194055716164
-0.5858165271852807,-0.5858193831026214,-0.5857600609096559,-0.3168146016810049
-0.14652728159901957,-0.14626787524069254,-0.14652870556299774,-0.19509085893597028
-0.03682207531392067,-0.037145365728886846,-0.03695297715504076,0.042075596948152376
-0.5858203200633849,-0.5858231736141544,-0.5857638556305613,-0.3168146016810049
-0.15965253627851014,-0.15750231967216616,-0.1593890147110593,1.116449418885893
-0.5615743467824591,-0.5615923286403495,-0.5615061022434313,-0.3168146016810049
-0.5598119227567201,-0.5598310042814141,-0.5597428219294354,-0.3168146016810049
-0.5858260093805412,-0.5858288593814537,-0.5857695477119192,-0.3168146016810049
2.0837514190215085,2.083518223017771,2.084829167194824,-0.3156700448767763
0.005728959844094524,0.00576891059038287,0.004313980236612041,-0.12183627120283766
2.4072143852088868,2.4054823773630964,2.4087250402527642,-0.31675060837730756
-0.37009089569328685,-0.37022835390393394,-0.3699296173393635,-0.28147386261704327
-0.31870435099160077,-0.3184082707382107,-0.31851873851435986,-0.17693953316014832
-0.1379060696682344,-0.13818839990840234,-0.1383719529770555,-0.2541225532480274
-0.5857071658666103,-0.5857100900200907,-0.5856506464568865,-0.3168146016810049
0.052652551309870343,0.05225132176591758,0.052881348196577624,-0.31592004957325825
0.0151315046643393,0.014974799599854444,0.014827886958229746,-0.0948116293653956
-0.5781093988776012,-0.5781145366601622,-0.5780491880300864,0.0044660650065013125
-0.5857090623056624,-0.5857119852758571,-0.5856525438173391,-0.3168146016810049
-0.08513006728771966,-0.08500183733508321,-0.08485373914264194,-0.2819999498526325
-0.2581175483018925,-0.25825790672710647,-0.25808780809745824,0.24815450699700464
-0.5713321578517948,-0.5713440513105529,-0.5712699191327681,-0.27247638411929326
1.8180849615318695,1.8186821314880164,1.8186231711531906,0.07729329460153639
0.41392103000059216,0.4142439096501626,0.4113679996667793,-0.1786548113865575
-0.585421435716096,-0.5854245381512819,-0.5853647774820205,-0.3168146016810049
-0.08269314310578851,-0.08275722275570821,-0.08267746670345243,-0.2758009956582592
-0.5786953985446959,-0.5787026976996776,-0.5786354724099553,-0.30538722602076995
-0.1396185541322685,-0.13989981586548844,-0.13935415323804395,-0.2254533360714924
0.6086221060148045,0.6086068107609921,0.6092589001572662,-0.07762166756322421
0.3277658038643032,0.3317579564316833,0.32824527068966824,2.353918994944778
-0.5717006991742503,-0.5717110991773181,-0.5716727920022141,1.3958942467325104
-0.585720440939975,-0.5857233568104557,-0.5856639279800551,-0.3168146016810049
-0.581665854246614,-0.5816712999818288,-0.5816073713322893,0.09806428168279474
1.5284468822775064,1.5281109936578339,1.5278969535284772,-0.21379016679914656
-0.08225569783110723,-0.08251778877721593,-0.08351926229094477,0.3868499098160229
-0.5858133664535272,-0.5858162243430107,-0.5857568986422349,-0.3168146016810049
-0.5636541082762473,-0.5636707924642008,-0.5635868742065041,-0.30486348939635394
-0.18494155103808335,-0.18519453342739386,-0.1849047180782961,-0.3093424795689286
-0.18723750658380944,-0.18674043038087845,-0.18698738740182158,0.6907931975557592
-0.5799103838307327,-0.5798954453286842,-0.5798801408668937,3.3450679307338866
0.009701999658215731,0.009327569167815861,0.010047803524520251,-0.3161442421135988
-0.028138913040767315,-0.027909152627152305,-0.02819159903818736,-0.07927033161732841
2.492038311130611,2.490603367848836,2.4929286322344013,-0.24280783151389498
-0.5708744838938913,-0.5708866629189212,-0.5708341586821428,0.8625178635988524
0.1420974670551787,0.14197083449293726,0.14126798752282388,-0.01479991841650309
-0.585720440939975,-0.5857233568104557,-0.5856639279800551,-0.3168146016810049
0.372831517205385,0.374125767338299,0.3725315610149712,1.9261466487616692
0.025620076915078952,0.025235714319305314,0.02508501756525552,-0.20365163170233266
-0.02240281705455641,-0.022481771864019548,-0.022108028973507297,0.15881897284215082
-0.5707644904288702,-0.5707767380844683,-0.5707007109969732,-0.30136499148154766
-0.34434547126851145,-0.34408898637333435,-0.34417168428767175,0.025493080153952127
-0.029274880032967077,-0.029624990847693395,-0.029550741575768945,-0.2651120581559262
-0.5704901389126684,-0.5705012942464138,-0.5704262261848231,-0.26706119648248455
2.3078207501963326,2.3061596036675778,2.306479447726878,-0.2082838909795814
0.15660143292553616,0.15676267399799967,0.15619641956427394,1.0097343421952958
1.76046924669043,1.7600662928957984,1.7616650428181224,-0.2867064699306093
0.08811090441308203,0.08787644440749827,0.0884941714393333,-0.3007068483500911
-0.562066788789651,-0.5620844633876991,-0.5621727082157957,0.49440061849409406
-0.5350033392236754,-0.5348496380241031,-0.5349221849413526,-0.29912716050684085
-0.5684242846385955,-0.5684379924686939,-0.568359368198403,-0.3139577577659462
-0.34677986686503975,-0.3468194181808375,-0.34660726265539005,-0.29071928716955
-0.5858127343071765,-0.5858155925910886,-0.5857562661887507,-0.3168146016810049
-0.5577448041899458,-0.5577651754960056,-0.5576746990360468,-0.3168146016810049
-0.34257609363291475,-0.3425374036525505,-0.3424014469853493,0.21043234684084636
-0.5783078928317196,-0.5783154337714038,-0.5782477784241306,-0.3168146016810049
2.5708954076481203,2.5876177200208437,2.572485588467499,0.18578121778027526
-0.5854056320573285,-0.5854087443532283,-0.585348966144915,-0.3168146016810049
-0.11594404115237153,-0.1160707651141667,-0.11565928345186689,-0.11366149747384573
-0.569967986026994,-0.5699807306625677,-0.5699038196068601,-0.3168146016810049
-0.5727374191893909,-0.5727440135700224,-0.5726745983212133,0.03180649208567586
-0.5488188977181255,-0.5488448383553428,-0.5487444558389076,-0.2591063545968183
-0.34011578003600784,-0.34027194125974475,-0.33993993802477807,-0.21988249843629082
-0.5712626217532183,-0.5712745585991171,-0.5711990843425359,-0.3168146016810049
-0.5617406012726921,-0.5617584793958732,-0.5616724375097804,-0.3108618531520753
-0.5462460620707947,-0.5462736080322197,-0.5461703701581458,0.07285319464517746
-0.5463655377310762,-0.546257182482244,-0.5462968608549892,0.5371969334015448
-0.5858228486487876,-0.5858257006218429,-0.5857663854444981,-0.3168146016810049
-0.16651385276895905,-0.16675053606042134,-0.16625366482874687,-0.06964046615012251
-0.5066313467117602,-0.5066829785753457,-0.5065364076627406,-0.30516762214312576
-0.5781833600006325,-0.5781909786427415,-0.57813520170394,-0.2610947179616992
-0.5354369916202525,-0.5354706501635699,-0.5353560480315253,-0.16035426293978272
-0.5844087372622818,-0.5844124715720085,-0.5843515870003055,-0.3168146016810049
-0.585581368742822,-0.5855843713875841,-0.5855247882135274,-0.3168146016810049
-0.550702693843198,-0.5507274590833297,-0.5506607898960841,-0.2025408450786552
-0.17509460733329968,-0.17511935377305315,-0.17518074575846498,-0.22153975759099784
-0.4888876307940884,-0.4887210079249685,-0.48878407081426317,-0.02486901106553603
-0.5718656893717818,-0.5718772499328418,-0.5718024449664786,-0.2956133956181524
-0.5488151048400213,-0.5488220952861456,-0.5487406611180022,-0.22437284627753412
-0.05810138577103235,-0.05811826604019883,-0.05819329496897289,-0.278155123606429
-0.5596298646077198,-0.5596042053413647,-0.5595606753259809,-0.2333655972699735
-0.5708681624303843,-0.5708803453996998,-0.570829099054269,-0.13069220108375945
-0.5432654920272656,-0.5432948977193143,-0.5431883519800643,-0.30594145374029136
-0.4749671360054229,-0.47489574886078534,-0.4748568126383282,-0.09325088639688367
-0.3566723251070736,-0.35681815585259896,-0.35650452722989656,-0.31532301661861994
1.8102950220522491,1.8087971091622412,1.8085709554750509,-0.03793391365955678
-0.5788515386933177,-0.5788587404244471,-0.5787916884205568,-0.2969910040357023
0.07938728477348421,0.07896937405720043,0.07866837410854338,-0.2027493272629381
-0.5645176201912975,-0.5644686951418678,-0.5644893853284813,-0.19340534730904965
-0.34609967739169145,-0.34607647792039703,-0.34611521384466953,0.11267443172393211
3.421630380657909,3.4216616616497557,3.4236338980844665,-0.09678599419509269
-0.535373776985183,-0.5354081067232778,-0.535355415578041,-0.11798615750991615
-0.3623894567027636,-0.36253172023646263,-0.362224436541152,-0.31165868177138834
-0.5858045164046175,-0.5858073798161008,-0.5857480442934558,-0.3168146016810049
0.1314268366554388,0.13097645579187814,0.1311974306936421,-0.19760835036110364
-0.5718492535666637,-0.5718608243828661,-0.571786001175889,-0.3168146016810049
0.4102887170694959,0.4102190181541878,0.4101404074539147,-0.27408937819164275
-0.5599642700272377,-0.5599832564946506,-0.5598952432191315,-0.3112746002476537
-0.5478896425826031,-0.5479161630297922,-0.5478147492171092,-0.3168146016810049
-0.5719270075677992,-0.5719341076058347,-0.5718637929544476,-0.21062746117537867
-0.076337543695896,-0.07526527671101126,-0.07649776370917145,0.5802753250780056
-0.357763409708374,-0.3579085596702182,-0.3578472259768885,-0.18078693570819443
1.6454533789131385,1.6457564683512742,1.6459254227529903,-0.2596477168054527
1.7906877386927267,1.7897093565866042,1.7891122591261572,-0.0932995664458275
-0.17254705753999683,-0.17280777348993095,-0.17228980088211063,-0.18363979718283557
-0.5505446572555242,-0.5505063459105796,-0.5504767459321771,-0.29435752303351115
-0.5575829747241678,-0.5576034470039369,-0.5575127909440873,-0.2025408450786552
-0.007799604207139772,-0.007911677283629542,-0.0075464199529029835,0.010125708206171277
-0.5620389743502203,-0.5620566663031248,-0.5619709555543306,-0.06360454461018743
-0.5715053659518854,-0.5714792462218915,-0.5714425789339592,-0.1268411509174026
-0.5786947663983452,-0.5787020659477554,-0.578634839956471,-0.3168146016810049
0.2890645399820235,0.2885158008648212,0.2888826307389918,-0.2598778092998466
-0.5619656453735397,-0.5619555859955818,-0.5618975909501615,0.07059136732432175
2.812037747462528,2.809914795873082,2.8077462679798955,-0.27733821937355607
-0.06332986823763484,-0.06310531571359777,-0.0634521456902345,-0.003968660949484783
-0.0035914059505598823,-0.0038267693550512183,-0.0036454468622546202,-0.27755406935829585
-0.5703586524717238,-0.5703635723273865,-0.5702946758601061,-0.30876063245380514
1.8842036769365142,1.8847709635672676,1.885460222911723,-0.07981674072642306
0.46236366914708926,0.46191148743163823,0.45538423235432185,0.376535810233253
-0.5496893632430331,-0.549714760752134,-0.5496153442866739,-0.3168146016810049
-0.26041160740856645,-0.2604488223930993,-0.2601970404673208,-0.25429945016598543
-0.3344846203440124,-0.33464429513729255,-0.33430604238737605,-0.296594711218337
-0.5590836901607189,-0.559103226067105,-0.5590142355156177,-0.3168146016810049
-0.42183966025392144,-0.42181847936999706,-0.4217035244643076,-0.19075576399181574
-0.5535656846654979,-0.5535886635387166,-0.5534935490518905,-0.28824616253041746
-0.5563275320716865,-0.5563487876865604,-0.556256738324433,-0.2814555136799456
-0.5786113230800534,-0.5786186746940325,-0.5786152338984604,3.845825429986811
-0.2237812549711653,-0.2240100032757981,-0.22354889087090235,-0.3120605671464017
-0.5494598941177307,-0.549485434804396,-0.5493857636719033,-0.2561352369251572
1.5414962793949134,1.5446224618949702,1.5419279340758236,-0.23309091629849085
0.28283916272037435,0.282521738627526,0.2822545182244013,-0.2837508723492011
-0.22752166492823056,-0.22774807939911978,-0.22753208291449883,-0.31104377697258623
2.339763105296976,2.3449744417640592,2.341240988579878,-0.2749499064310987
-0.5582283961482278,-0.5582484657164452,-0.5581623206723779,-0.24827349272625732
2.2340802462413527,2.2350571883341983,2.235506782635053,-0.23621480141303458
3.316739600979707,3.314893691551778,3.3152111323782365,-0.10509164737162763
-0.5648444398546069,-0.5648509050547644,-0.5648460890935796,5.21012029953243
3.1321528665766225,3.134807120377542,3.134015738964101,-0.15265338476489584
-0.5797542436821108,-0.5797608821692676,-0.5796948319960182,-0.09367904330853988
-0.5857356124523917,-0.5857385188565871,-0.5856791068636763,-0.3168146016810049
-0.13540024153407745,-0.13557231519880708,-0.1355809357512074,-0.3030448031334889
-0.5599219162217411,-0.5599352433485677,-0.559852868835689,-0.2800189640014779
0.138258442267405,0.13780379881448035,0.13866670634224082,-0.31567977071620074
-0.5853044886412174,-0.5853076640456855,-0.5852477735874405,-0.3168146016810049
-0.020192201266174305,-0.019991405786930802,-0.020224582497510163,0.11939250245474195
-0.5777933257022534,-0.5778011877067791,-0.5777329612879781,-0.28672410065714665
2.1363099630573847,2.1368810443773687,2.137688996952168,-0.3133580239510706
-0.5443420372624999,-0.5443707712427241,-0.5442654202636852,-0.3168146016810049
-0.585765955477225,-0.58576884294885,-0.5857094646309187,-0.3168146016810049
-0.03500022953121627,-0.034910859180266075,-0.0346761446118608,-0.30943716166133023
1.6817765082241014,1.6815218399195706,1.6829347032888962,-0.2049974451612142
-0.23477491215611065,-0.23475863047914353,-0.23474900962289508,-0.0005374039985384062
-0.5720300474229626,-0.572041505432599,-0.5719668828723748,-0.3168146016810049
0.030335256544916655,0.030105258135185574,0.03039889173964379,-0.12362657643551292
0.06179465183362864,0.061750975419185866,0.06216576534487812,-0.3136436934869881
-0.5574849920398101,-0.5575055254560048,-0.5574147606540338,-0.28063992816622385
-0.41264888446115966,-0.41275978855838485,-0.4125082832572816,-0.2569826271108166
-0.3244967080030236,-0.32399232597803507,-0.32431327733675286,0.5652664499025937
-0.5845465451667333,-0.5845501934910357,-0.5844894618598646,-0.3168146016810049
2.0186466663633795,2.017018752189127,2.0187801524776257,-0.31640010962516324
-0.5858139985998779,-0.585816856094933,-0.5857575310957192,-0.3168146016810049
-0.5497481528536478,-0.5497735136808933,-0.5496741624607061,-0.31392347563896544
-0.585612343914006,-0.5856153272317692,-0.585555778434254,-0.3168146016810049
-0.0857830744679881,-0.08597663055095028,-0.08548366281292173,-0.29997432900141235
-0.07627180047542367,-0.07605054435023535,-0.07596840014288213,-0.2738166004495764
-0.5706374290123805,-0.5706497559481175,-0.5705735878466456,-0.3168146016810049
-0.5700596472478447,-0.5700723346912785,-0.5699986876294927,-0.30310175088872293
-0.00961702496538932,-0.009979401324804411,-0.009280607406625063,-0.31649389295446917
-0.555570852889904,-0.555592580635755,-0.5554996915038257,-0.2961938548785019
-0.5107813875040761,-0.5108310616961383,-0.5106884647866229,-0.3168146016810049
-0.5599743843688488,-0.559984519998495,-0.559957856114069,0.5800396771649343
0.14509573719652746,0.14511569556136644,0.1443486684444433,0.03659079431019037
-0.43175297932552814,-0.4317382480514906,-0.43167984572434115,-0.25685055007430435
1.7072431561082202,1.7072069778181491,1.7084137243540485,-0.2893522147923589
3.048976946191161,3.052817092417945,3.050601448930766,-0.2305795522321865
-0.5462783015346803,-0.546305827380249,-0.5462026252858408,-0.3168146016810049
-0.5797416007550971,-0.5797482471308247,-0.5796821829263339,-0.2731898911717172
-0.515334105521785,-0.515318395599122,-0.5152433947799513,0.87786038671826
-0.5858139985998779,-0.585816856094933,-0.5857575310957192,-0.3168146016810049
-0.3372218140425239,-0.3373797809601729,-0.33730387190256306,1.187599791376964
-0.5817138973692669,-0.5817193131279117,-0.5816554377970898,-0.3168146016810049
0.07603880555385022,0.07562298412560761,0.07588051915011636,-0.15705491332882
-0.560125467346665,-0.5601108703829236,-0.5600565188576068,0.3688279379330934
-0.5344249253127891,-0.5344598470881406,-0.5343751126775051,-0.24301740386981585
-0.16868717192265015,-0.16895029625332422,-0.1687676674285081,-0.12515687401842207
-0.11006634438360485,-0.11036478175336878,-0.10984071139707365,-0.25357040359676986
0.15360632351594086,0.15377511915818412,0.154022044485537,-0.11313515369367287
-0.3688145922112327,-0.36895284677312673,-0.36867040245228816,-0.22562531179012232
-0.15595384798059078,-0.15610614792422953,-0.15587573560623574,-0.14057759581221027
-0.5254016683029615,-0.5254422201514678,-0.5253316603066912,-0.30395131570397044
-0.5842424827720488,-0.5842463208164848,-0.5841852517339564,-0.3168146016810049
-0.5697935136342019,-0.5698063671320562,-0.5697292624452164,-0.3096287781818762
0.2400984836571506,0.2395802969756042,0.23996298618831757,-0.3072977689574046
0.09916398335499278,0.09876279352987107,0.09898404492855083,-0.30335868800264915
-0.5472840463786368,-0.5472705125653617,-0.5472088587792295,4.399834702080979
-0.5700021219299314,-0.5700053689875313,-0.5699379720950077,-0.2397872521607949
-0.5418147161524194,-0.5418450270579954,-0.541736871233787,-0.3168146016810049
-0.08319317086918863,-0.08268078077312888,-0.08289250088808607,-0.2890490665140003
2.245927300999737,2.2446086456450822,2.2451150159672726,-0.2763538760901903
2.1078734916176978,2.108009981535422,2.108260936331567,-0.31525697724331064
0.0649964730999013,0.06532290078698381,0.0653634501610775,-0.20271161349504663
3.227426171675343,3.225924700108265,3.2272577236886786,0.21884900383043843
-0.5716526560515974,-0.5716643495350795,-0.5715950002236555,-0.16721514958338143
0.013228744148745836,0.013838909643840887,0.013576261512964925,-0.28933183521060646
-0.5372063692558492,-0.537239555545571,-0.5371642325429007,-0.20395013589522298
-0.17843107577227046,-0.17772469869997196,-0.17817667791319927,0.11779293040647412
2.8068667903138387,2.80474706514995,2.8004679932835304,0.23634300924585142
-0.3426228724628662,-0.34277746938296494,-0.34244824854318134,-0.31648220389190634
-0.14517195982312842,-0.14518821120574968,-0.14495136657336138,-0.27560459163868045
-0.06069634654063742,-0.06058904780770117,-0.060857189044493505,0.46821227257465153
-0.58581589503893,-0.5858187513506993,-0.5857594284561717,-0.3168146016810049
-0.578120145365563,-0.5781278034505272,-0.5780599397393181,-0.28336532640727563
-0.19161195933062225,-0.19185762095023887,-0.19136396551260082,-0.31257378829973514
-0.15404223741608764,-0.15350206650115497,-0.15397964006055417,-0.05799882033983271
-0.5595875108022231,-0.5595574556991261,-0.5595183009425383,2.451405799002366
-0.5852475954696547,-0.5852508063726924,-0.585190852773861,-0.3168146016810049
-0.36975016881026196,-0.3696370341048079,-0.36965007289933977,-0.19344874505359452
1.8383111161687224,1.836795722599708,1.837420321157594,-0.3144362968341508
-0.5601766712010715,-0.5601696233116829,-0.5601077475898284,0.5054859916559881
-0.585793137770305,-0.5857960082815022,-0.58573666013074,-0.3168146016810049
-0.16650942774450414,-0.1660543454422195,-0.16628275768902084,-0.24155844796452236
-0.5284359707862999,-0.5284727341219889,-0.5283516256938258,-0.25473587649803814
-0.004908166799058593,-0.005236207893352804,-0.005998173823540633,1.0065290073179962
-0.5858241129414891,-0.5858269641256872,-0.5857676503514666,-0.3168146016810049
-0.5854562037653843,-0.5854592845069998,-0.5853995624236524,-0.3168146016810049
0.030957288554001032,0.031340964894897766,0.03131278702433691,-0.08866423663273887
-0.557765032873168,-0.5577834963017478,-0.5576949375475417,-0.27282783705730523
-0.5512185252653655,-0.5512429686517986,-0.5511471466254467,-0.09124690238084403
0.5345143250300703,0.5351365892234193,0.535115113295579,-0.21164990561467079
-0.5597803154391854,-0.559799416685307,-0.5597111992552245,-0.3168146016810049
-0.5491558317230462,-0.5491815621298451,-0.5490815535459952,-0.3168146016810049
-0.368610408939958,-0.36874310513497516,-0.36851418644168665,0.4713647392698279
-0.5137132822786018,-0.5137611271110388,-0.5136616286159253,-0.28538931861535877
-0.5624808446493564,-0.562498260896703,-0.562413040539798,-0.31596172235544717
-0.5393588275799673,-0.5393906708404688,-0.5392797894476052,-0.30951113677766673
-0.5035648047645364,-0.503618981752951,-0.5034898792292689,-0.22784619425261862
-0.546608914076094,-0.5466362336355299,-0.5465340309115704,-0.2025408450786552
-0.1739447331213846,-0.17420457698978972,-0.17370965895417703,-0.3115491903714998
-0.2571756502393562,-0.2573835620668602,-0.25713912787113324,-0.2642101405331977
-0.5652736672267292,-0.5652476452618704,-0.5652072200330672,-0.24819087508570897
-0.5588573817671699,-0.5588063026636977,-0.5587878171682682,-0.29450048921629
-0.5097680569039112,-0.5098183633649427,-0.5096746418514235,-0.29041736390586215
-0.5854018391792244,-0.5854049538416954,-0.5853451714240098,-0.3168146016810049
-0.5857735412334334,-0.5857764239719158,-0.5857170540727292,-0.3168146016810049
0.08856099261477728,0.0883887952163565,0.08894511077357985,-0.09379570424391764
-0.4255971381624555,-0.42569996317964526,-0.42575059430980994,0.12344382766418249
-0.52165556902874,-0.5216738199358832,-0.5215679296221178,-0.19430585479362167
-0.5710565420428916,-0.5710288071014035,-0.5709929045066812,-0.24770034641496164
-0.42729381896772217,-0.4273955853386778,-0.42716981992839215,-0.314479177489947
-0.5594465421660181,-0.5594658516704153,-0.5593772638155581,-0.3168146016810049
-0.42035411632978703,-0.42030606526838604,-0.42040067028682127,-0.13820460755188207
-0.5450095838088345,-0.5450379012725075,-0.544933291143018,-0.3168146016810049
1.3597908680582993,1.3592664479381371,1.3596997441219625,-0.24622955346259046
-0.5594756208981502,-0.559494912258834,-0.5594076215828004,-0.20463234393708243
2.8184129434092915,2.8238499797717185,2.819152566567743,0.226090040409176
-0.552946813388167,-0.5529701784069383,-0.5528743770908424,0.17106885329206978
-0.1962904744721196,-0.1963525358762882,-0.19604475374928831,-0.29356261935562805
-0.23876059489724574,-0.23871213400791605,-0.24023364623802196,0.3330299467163069
-0.3220111085520889,-0.32217856620956176,-0.3221047497698683,-0.11111639408090455
-0.5361317204596668,-0.5361169323799224,-0.5360511144106793,-0.2829267997235765
-0.5708991376015684,-0.5709106694919626,-0.5708354235891112,-0.139673921230474
0.0551874581761593,0.05601656322189145,0.05392363153856665,0.960160075965838
-0.44033942320702507,-0.44042736398864896,-0.44021227567990806,-0.3073738815643584
-0.5662547583630086,-0.5662508673142339,-0.5661887878405715,-0.03531262966677663
-0.5795506925571869,-0.5795574580503374,-0.5794968740554585,-0.06605912661820486
0.1590086462289846,0.15932379629036839,0.15902411909220657,-0.2732494935063171
-0.5798699264642881,-0.5798764927710198,-0.5798105709836299,-0.3168146016810049
-0.5802018032984033,-0.580190473476325,-0.5801951027020336,0.25476841434182756
2.5821924950814,2.580212955741403,2.581733955767199,-0.3149177653101059
3.4778395698690505,3.4791864646724324,3.478568807723525,0.24550619954626318
-0.5625472200161795,-0.562564594848528,-0.5624794481556409,-0.30938680750185216
0.0037737311813933402,0.003562201126336436,0.003966130820292879,-0.18423770147486795
-0.5798427441712082,-0.5798493274383676,-0.5797833754838085,-0.3059589964760362
-0.5572751194513791,-0.5572951520659309,-0.5572047860972739,-0.29395985036053496
-0.43304571861270047,-0.4328153850787448,-0.4329150273790163,1.5638951841433781
0.00978354653745539,0.009583428696283836,0.00999847215275131,-0.03944566803998204
-0.5711450425319888,-0.5711570527415984,-0.5710814479944715,-0.3168146016810049
3.037394760753718,3.0387296563060726,3.039211594133508,-0.2753737123694722
-0.5854290214723044,-0.5854321191743477,-0.5853723669238311,-0.3168146016810049
-0.1562756104730948,-0.1565464790139634,-0.1560104481983739,-0.30913249125653364
2.1645036902984036,2.163181508648115,2.165607391105944,-0.2655750034273049
-0.5857887127458501,-0.5857915860180473,-0.5857322329563505,-0.3168146016810049
-0.5855756794256657,-0.5855786856202849,-0.5855190961321693,-0.3168146016810049
-0.1815589359155118,-0.18181402889200532,-0.18130605775310335,-0.3123413554788059
0.05640560419394954,0.05635455050023812,0.0553548737733489,0.4792396912295159
-0.559546421289428,-0.5595656684741139,-0.5594771914660642,-0.3168146016810049
-0.3488103209434737,-0.34831477498055063,-0.34863870324669394,-0.07541266042951404
0.01357073532447209,0.013560938798097874,0.013131014260076457,0.0016468262992652533
-0.5588883569383539,-0.5588536840578584,-0.5588188073889947,-0.3070771697553404
-0.0773198991248768,-0.07707903647948457,-0.0770163755662291,0.3895107993787351
-0.5667295002723809,-0.56672720826353,-0.5667750722204403,0.12114566700241508
-0.35968892749259246,-0.35969831286565007,-0.3595225952565784,-0.30258813606229806
-0.5210525014101764,-0.521095766927122,-0.5210619668347445,-0.24193442633617632
0.3242649773741515,0.3236942748974466,0.3246548322597702,0.5165614807093047
-0.5452978425447516,-0.5453259801490048,-0.5452216899318209,-0.3168146016810049
-0.5111619396071948,-0.5112113763532686,-0.5110692017841213,-0.3168146016810049
-0.5478529780942627,-0.5478795214183079,-0.5477780669150246,-0.3168146016810049
-0.5719744185441015,-0.5719859112634504,-0.5719112269657638,-0.3168146016810049
-0.5780645164867019,-0.5780709457775344,-0.5780042838327071,-0.21396822073889019
-0.1126088370061021,-0.11263845692116237,-0.1123224588691398,-0.3109087208192394
-0.5713681901937845,-0.5713794294181929,-0.5713047040744,0.44916336700790166
-0.5853063850802693,-0.5853095593014518,-0.585249670947893,-0.3168146016810049
-0.5603833830577488,-0.5604021080190316,-0.5603145598791671,-0.3134960666490462
-0.5857463589403535,-0.5857492586392636,-0.5856898585729079,-0.3168146016810049
2.3446995361495566,2.348044124353754,2.3461798178381263,-0.30490352292150447
2.223249050668536,2.221768286651914,2.2246703246364854,-0.31390026663899956
-0.5858405487466071,-0.585843389675663,-0.5857840941420562,-0.3168146016810049
2.0365237651610486,2.034884696547339,2.0367266525457577,-0.3105137832886275
0.019293556237318446,0.01891314108249555,0.01954282768306488,-0.3140019977080772
-0.5855592436205476,-0.5855622600703091,-0.5855026523415797,-0.3168146016810049
2.3636885803780987,2.3618453768448955,2.36517808805051,-0.3168146016810049
0.28369951390367093,0.28466021888398096,0.28354535578568746,0.045382410920896364
-0.2969275413564917,-0.2967315987856311,-0.30108832048934875,4.93409646513931
-0.5705634678893491,-0.5705758409732267,-0.5704995907889923,2.540029313377738
-0.566745936077499,-0.5667177319846979,-0.5666802041978078,-0.28765460328872045
-0.5465065063672814,-0.5465338898241427,-0.5464309409936431,-0.3163575066545955
1.86463116162628,1.8641998574784384,1.8650503165225671,-0.28389609658141046
0.00756534499286489,0.00765026781452543,0.007908845840899532,1.6685392769717022
3.2545705359742074,3.2521714654656284,3.2541458511166654,-0.31469139528333323
1.845668035398117,1.8490163317816475,1.8449654912242988,-0.10276993545999326
-0.5116208778577997,-0.5116700282487446,-0.511532157734568,-0.2618424928568843
-0.5051830994223169,-0.5052362666736376,-0.5050874567304002,-0.3168146016810049
-0.36930893065747655,-0.3694462450243206,-0.3691504346468086,0.25008802467240426
2.025976403299694,2.024396351135916,2.0260192150579694,-0.30913555265047304
-0.36120418229520956,-0.36118924740190816,-0.3611309244669414,-0.1740910557981792
-0.5578674405819808,-0.5578877353689015,-0.5577973950119849,-0.3168146016810049
-0.5853462103003633,-0.585349359672547,-0.5852895155173988,-0.3168146016810049
-0.5786650555198626,-0.5786723736074147,-0.5786455916657027,0.10223943393488963
-0.5624435480146655,-0.5623649612411307,-0.5624003914701138,-0.12765153868930532
-0.5592347731385351,-0.5591714552746965,-0.5591672892587981,-0.25427163936184116
-0.5682776266852342,-0.5682907942708345,-0.5682126389900648,-0.19911263238058471
-0.5646870354132837,-0.5646980210896058,-0.5646203031997141,-0.11797826519291642
-0.5710755064334124,-0.5710875600301628,-0.5710118781112078,-0.27543187771158284
-0.5713561794131212,-0.5713680578835943,-0.5712926874581998,-0.23667432304266545
-0.558192995952589,-0.5582130876088052,-0.5581231085563564,-0.3154296254629982
-0.25320640330333916,-0.25341679174772264,-0.2529883356542193,-0.314296780004715
2.5582834558053946,2.5563194662940223,2.554634588875484,-0.22229681322932546
-0.11771531522702033,-0.11721613134901245,-0.11771918444996053,0.1773911362955186
2.0161876170591744,2.0166807649107805,2.0175082885208657,-0.31253162128354883
-0.5684223881995434,-0.5684360972129274,-0.5683574708379504,-0.3168146016810049
-0.5789311891335053,-0.578938341166637,-0.5788713775595681,-0.25967772337983
-0.5799249231967987,-0.5799314551882463,-0.5798655944367568,-0.3132257337940023
-0.527348046916753,-0.5273848573120583,-0.5272631732474888,0.14166225784672534
-0.5483953596631594,-0.5484215645675068,-0.5483207120044825,-0.3168146016810049
-0.2513889825450896,-0.2514242461852828,-0.25137051964159307,-0.08925786880038067
-0.5848480789760152,-0.584851539157898,-0.584791142171836,-0.3168146016810049
-0.568462845565988,-0.5684765293359447,-0.5683979478609403,-0.3168146016810049
-0.578157442000254,-0.5781650768139337,-0.5780972544948869,-0.2865929555231196
-0.5811291619948735,-0.5811046185076663,-0.5810735805916105,0.641693099423316
-0.31161925469300567,-0.3116971700692829,-0.3116249955363983,0.016619960071824577
-0.13269402300675007,-0.13290505858351823,-0.13254326166651478,-0.31395036196841886
2.9935965008457806,2.993389452605773,2.993647115316603,-0.2524926626580266
-0.5368858710560466,-0.5369192573210444,-0.5368056314173498,-0.20608426286444434
-0.5066610575902429,-0.5067133026676086,-0.5065661329764988,-0.2911854458189643
-0.5489345805003027,-0.5489604489570951,-0.5488601948265193,-0.3168146016810049
-0.5857425660622493,-0.5857454681277307,-0.5856860638520025,-0.3168146016810049
-0.5589597894759827,-0.5589794026903651,-0.5588902746327113,-0.30613971870799644
2.4044500092172947,2.402581372536615,2.4052579302522883,-0.3161301018789568
-0.5798250440733888,-0.5798316383845477,-0.5797656667862505,-0.3168146016810049
-0.19150955162180958,-0.19167188588512876,-0.19146326070962283,-0.18255278749969434
-0.5857918734776035,-0.5857947447776579,-0.5857353952237715,-0.3168146016810049
-0.5853506353248181,-0.585353781936002,-0.5852939426917882,-0.3168146016810049
-0.5633386672472502,-0.563261417218652,-0.56327127991788,0.2049456449730496
2.3617573732767236,2.3599153747227475,2.362406044429189,-0.3146845131463419
-0.5429076971927719,-0.5428943670006754,-0.5428303833079977,-0.31115805072918856
2.9949240081822412,2.9934103004192036,2.996589288925179,-0.31481518804386055
-0.21369599209216938,-0.2129530811344467,-0.21419553629282218,0.9641662481858323
-0.5712006714108502,-0.5711753735473406,-0.5711712563892303,0.6880849878018068
0.1319584717363737,0.1315077591584006,0.13236367491853762,-0.3118116023411049
-0.5637103693014592,-0.5637270183852716,-0.5636437950200837,-0.2762670943139513
-0.5197155118784555,-0.5197596116117891,-0.5196547578323625,-0.30320425673387036
-0.5635662399335006,-0.5635829789470229,-0.563498963172198,-0.3168146016810049
-0.5708947125771136,-0.5709068789804298,-0.5708853874143645,-0.3049764770018258
2.5152557822989547,2.5141474984832715,2.5168189301472013,-0.3138954785685979
-0.11773048673943702,-0.11802540556127798,-0.11784188042589859,-0.2581896419508225
0.10393732044909448,0.1035040917055562,0.10392856626815668,0.328397406325617
-0.5424531839666218,-0.5420579274557578,-0.5424388946012676,-0.09429104898213697
0.26836617202120105,0.26824856745054326,0.26883765001022913,-0.277199356190008
0.017805483727781197,0.017727342724632618,0.01764546723041491,-0.1260146059790539
2.870962637396258,2.8787422725348244,2.871990892906624,0.4247861104319854
0.0017635057861817131,0.002574772872026453,0.0021054526697274673,-0.24102390104273178
-0.509266132701459,-0.5090905851506338,-0.5091724737849556,-0.2007906150810516
-0.12068577092893845,-0.12035277964245378,-0.12040331703697606,-0.31041613864908596
0.25209788568605246,0.2547246540532224,0.25165262393709403,1.086528497259989
-0.20512788045484265,-0.2053322576976325,-0.2048864534586372,-0.3021131463369735
-0.22320916252378586,-0.22334982251715832,-0.22301762994416033,-0.30240798634185834
-0.5802036997374554,-0.5802100577859115,-0.5801445064232963,-0.3168146016810049
-0.5713195149247808,-0.57133141627211,-0.5712560051561153,-0.30538722602076995
0.05107155328678101,0.05101814201389402,0.05104154101099136,-0.28856629474585116
-0.5858310665513468,-0.5858339133968308,-0.585774607339793,-0.3168146016810049
1.9246325967952442,1.9236774056924602,1.924423152260374,-0.1941894315476576
-0.5393442882139013,-0.5393761405462595,-0.5392652430174684,-0.3168146016810049
-0.055026625921249496,-0.05515029550996982,-0.054717963073202425,-0.2970019548897974
-0.58540689635003,-0.5854100078570726,-0.5853502310518836,-0.3168146016810049
0.02584828174768006,0.025901580845244253,0.02573707710748286,-0.27610711505428953
-0.560519926669499,-0.5605215091323167,-0.5604511698317579,-0.061387044079517804
2.017685171763972,2.0168222773413405,2.0178302073443324,-0.3092627850510741
0.08856984266368698,0.08857263502570017,0.08811786161622447,0.6942827775466003
-0.51754724989557,-0.5175927025188377,-0.5175354062067524,-0.149083581740076
2.118819737826341,2.1171293205315593,2.119126487190409,-0.2288402456629765
-0.11904219041713017,-0.11928954115748666,-0.1189322302326881,-0.23524792258789035
2.213172005692099,2.2114227171748966,2.212646118994558,-0.3143238326024842
-0.5598372086107479,-0.5597741466084213,-0.5597681200688039,-0.18809475672713427
-0.1142246030784798,-0.1138722684251082,-0.1139390099747976,0.3830321401671702
-0.3575630193152035,-0.3577076625589767,-0.35763219179225486,-0.09534487185225454
0.031535702464887384,0.031282211966138423,0.03160055335965544,0.28994929870452213
0.03469580207201415,0.035820086022893466,0.03505374938347841,-0.18133667018360622
-0.5464255916343923,-0.5464530255781084,-0.5463499869476633,-0.3168146016810049
-0.1104633322918416,-0.11076278546431904,-0.11017591174370849,-0.3159890817782529
-0.5858222165024369,-0.5858250688699207,-0.5857657529910139,-0.3168146016810049
1.483291404154626,1.4820240591855607,1.4791581906742892,-0.13896764370726145
-0.05624730052444246,-0.056580581861702124,-0.05593417112335103,1.1220023761063993
-0.5710274633107596,-0.5710395468840799,-0.5709783580765442,-0.2525016771433162
-0.5822063393764587,-0.5822095526194949,-0.5821481190612946,-0.06426959958981206
-0.054954561237270244,-0.054924128321842534,-0.054925407816025416,0.6765869378226947
-0.5858127343071765,-0.5858155925910886,-0.5857562661887507,-0.3168146016810049
-0.5798124011463749,-0.5798190033461047,-0.5797530177165661,-0.3059596804044694
-0.585319660153634,-0.5853228260918169,-0.5852629524710617,-0.3168146016810049
-0.5063355022196347,-0.5063879504277048,-0.5062404194321272,-0.31652891728949906
-0.13238363914855858,-0.13219244241534064,-0.13210686876240532,-0.3156430048491203
-0.5317730713716214,-0.5318096477747497,-0.5317630797876904,0.09179007022053585
-0.5858133664535272,-0.5858162243430107,-0.5857568986422349,-0.3168146016810049
-0.08990277223547063,-0.0901563012678501,-0.09003100336443948,-0.16842790382281275
-0.5852867885433979,-0.5852899749918654,-0.5852300648898824,-0.3168146016810049
2.3912609077563842,2.3905787177678155,2.3915596202376395,0.08231732888318301
-0.5619865062031126,-0.5619776973128568,-0.5619405977870882,-0.1388676953087868
0.13130293597070242,0.130852632415138,0.1317078206554049,-0.31659083652451403
-0.14899391665943337,-0.14894081762328065,-0.1488124950945041,-0.12762129042593268
-0.5709667772610928,-0.5709788986995541,-0.5709030961119224,-0.3134883377435184
-0.5858152628925793,-0.5858181195987773,-0.5857587960026875,-0.3168146016810049
-0.5502861093980896,-0.5503111345666373,-0.5502123803757745,-0.3149862215753673
-0.5686366858124292,-0.5686502611145341,-0.5685718725690999,-0.3168146016810049
-0.5708694267230857,-0.5708816089035441,-0.5708056982753531,-0.25967772337983
-0.12533394304560241,-0.12562411768081713,-0.1251979469008225,-0.25945600372358235
-0.5447535645368027,-0.5447820417440394,-0.5446771474819102,-0.3168146016810049
-0.5492234713825705,-0.549242842066293,-0.5491492260688063,0.05228963214458465
-0.059403607253465086,-0.05973491920896345,-0.059338035775405064,-0.29379163424849725
-0.5416630010282525,-0.5416934065966811,-0.5415850823975751,-0.3168146016810049
-0.33620405841790413,-0.33624831326761434,-0.3360566736316878,0.43169024397877026
-0.5505446572555242,-0.5505695211027939,-0.5505469482689251,-0.28579713936929
-0.5549064670753231,-0.5548016272292315,-0.554834982891914,0.9780858019200069
-0.4133695313009525,-0.41309524882904286,-0.4132292802292886,1.7132406828148603
-0.5492816288468346,-0.5493066490104295,-0.5492074117893543,0.056289213625666905
-0.1578028760563751,-0.1580538391001972,-0.15753845581624132,-0.24351773837161722
-0.5779172263869898,-0.5779250110835192,-0.5778569221708846,-0.25967772337983
2.399426974314669,2.3988900460555325,2.400933845780699,-0.11379025428635987
-0.19802824479018152,-0.19820672776777865,-0.19870042592951406,0.045759023511899484
0.044758939828735765,0.05117039422713054,0.04508129937573359,5.1722437286767695
2.4324490353822994,2.4339990273767222,2.432156809389507,-0.18884399261229756
0.0004423199132280372,7.682577187205404e-05,0.00045664643637454376,-0.28595975778136057
-0.5686107678120508,-0.5686243592857262,-0.5685706076621314,0.09399975271214754
-0.5604819978884574,-0.5604589656920246,-0.560422076971484,0.8840107745660774
-0.5851565663951546,-0.585159834095904,-0.5850997794721338,-0.3168146016810049
-0.546498920611073,-0.546526308801077,-0.5464872293537384,-0.2251200183786532
1.4357824451681058,1.4357122210290045,1.4320334491118216,0.893656600648868
-0.11436367527563279,-0.11451286487416143,-0.11443105878551814,-0.008944755676130374
-0.5638823131088484,-0.5638988549080945,-0.5638158223677906,-0.27664755564507687
2.4709006014560546,2.4710847604622983,2.4724421989736554,-0.2942884268352127
-0.522180882646168,-0.5222234441081478,-0.5220934984675019,-0.3102011177204502
-0.5621420142053837,-0.5621470068279913,-0.5620778401931632,-0.28350703557873186
-0.051454999039819954,-0.05159226868445898,-0.05127551875861114,-0.2827638144927473
-0.44862875830369514,-0.4487172127110129,-0.4485075355788937,-0.2778608635408589
1.912850653110982,1.912100551719185,1.9140363686890842,-0.3041051264662508
-0.549816424659523,-0.5498417428884848,-0.5497424674370015,0.21081321841475809
-0.5700975760288864,-0.5701102398066071,-0.5700334725711245,-0.3131859699549174
-0.5854182749843425,-0.5854213793916713,-0.5853616152145995,-0.3168146016810049
3.1480652545163297,3.1469500240730572,3.1494804915601664,-0.25065501037977833
-0.5581942602452904,-0.5582143511126495,-0.5581243734633249,-0.31550300864127556
-0.5857280266961833,-0.5857309378335214,-0.5856715174218656,-0.3168146016810049
-0.3285057801591344,-0.3286205405596566,-0.3284122083679611,0.1133514825911561
-0.5857748055261347,-0.58577768747576,-0.5857183189796976,-0.3168146016810049
0.054260099479689,0.05389766727502301,0.054560512197172804,-0.3150646905071822
-0.5853367281051027,-0.5853398833937147,-0.5852800287151354,-0.3168146016810049
0.2938132233684482,0.29326152130396144,0.2933483847910457,0.4692726564725044
-0.1859814317849775,-0.18612826276832165,-0.18573133478216725,-0.303507002197237
-0.5597777868537825,-0.5597968896776183,-0.5597086694412876,-0.30361598279343355
-0.5857640590381729,-0.5857669476930836,-0.5857075672704659,-0.3168146016810049
-0.522874347192881,-0.522836875224549,-0.5227872999396876,-0.13677629815400294
-0.5129743031946388,-0.5130226091140534,-0.5128837108303389,-0.2870885613768727
-0.5858405487466071,-0.585843389675663,-0.5857840941420562,-0.3168146016810049
-0.58514329132179,-0.5851465673055388,-0.5850864979489652,-0.3168146016810049
-0.585765955477225,-0.58576884294885,-0.5857094646309187,-0.3168146016810049
-0.18788229586151883,-0.18790032690993352,-0.18808785646435852,-0.1318064433458366
-0.33771678463511845,-0.3374972868176916,-0.33753977705217586,-0.28638441277374566
-0.5706816792569291,-0.5706939785826675,-0.5706324060206778,-0.059704363013548166
0.6210772855625578,0.6203213866532946,0.6211831781486872,-0.28196142131285645
-0.5785544299084908,-0.578528334169166,-0.5784950677364592,-0.16322557734064
-0.5501021548100373,-0.5501272947572936,-0.5500283364118674,-0.3168146016810049
-0.5708150621369259,-0.5708272782382398,-0.5707513072757104,-0.3154433166017767
-0.5686720860080682,-0.568645838851079,-0.568607289964216,1.1275099392198324
-0.5713795688280969,-0.5713832199297257,-0.5713160882371159,-0.1800664471006108
-0.17350539140765117,-0.17376424590005587,-0.1733099483521521,-0.29768359384834897
1.8626190397920164,1.8619963067740029,1.8627753813398398,-0.23256423426799847
-0.5854827539121135,-0.5854858180877298,-0.5854261254699896,-0.3168146016810049
-0.5450614198095914,-0.5450897049301232,-0.5449851523287238,-0.3168146016810049
-0.060470038147088435,-0.06056377773081546,-0.06015832794443414,-0.30640216667383474
1.087184075784374,1.0863098172011527,1.086606962090694,-0.2977963483353573
0.055679268037000434,0.055276149969139585,0.055320088831717025,1.4555056238147408
-0.18408941775734586,-0.1843429318363448,-0.1838377690504226,-0.25967772337983
-0.3431026715430441,-0.3432519150764945,-0.3430604635159031,-0.12585061228232264
3.3464605938040055,3.3562273245618455,3.348427589369295,-0.09200202793542261
3.5959219795935664,3.595084513549225,3.5891147197762705,-0.27335278384080364
-0.2605816547769035,-0.2603786979297414,-0.2604146044658913,0.5329751426011679
-0.5297407208541354,-0.5297785653450591,-0.5296570096852489,-0.2968166942755937
2.501487634780807,2.4996690079315917,2.501034788541606,-0.29697384640251717
-0.37049230862597843,-0.37060866856106417,-0.3703312253018411,-0.2974274595075629
-0.5607702566243745,-0.5607887401953833,-0.5608407611780354,-0.216489302645456
-0.5712910683389997,-0.5713029874356136,-0.5712275447493256,-0.3168146016810049
2.5149839593681556,2.513046354882975,2.5161738275933003,-0.31647977957416
-0.10278717915534619,-0.10281850504336752,-0.10249602908486559,-0.27982759202677104
3.0657793961926476,3.0658526615794486,3.0676100204818044,-0.3017975582174711
-0.567572151357858,-0.5675863908776448,-0.567506820901679,-0.2513962928114821
-0.5615692896116535,-0.5615872746249724,-0.5615010426155576,-0.3129984455775954
-0.5782130708791153,-0.5782187757273158,-0.5781592349363402,0.02282170026038383
-0.5296844598289235,-0.5297223394239884,-0.5296702912084175,-0.30235543298393447
3.0679192115897513,3.0656454469489858,3.069497894132191,-0.29001740575775387
